,SUD,ALC,ATS,CAN,COC,NIC,OPI
ADHD,0.29047095290470953,0.3267673232676732,0.42105789421057893,0.0245975402459754,0.34506549345065496,0.07129287071292871,0.21747825217478253
AN,0.007899210078992101,0.0007999200079992001,0.04889511048895111,0.06229377062293771,0.0117988201179882,0.055894410558944105,0.09449055094490551
ASD,0.4941505849415059,0.48875112488751127,0.8427157284271573,0.6036396360363964,0.44325567443255676,0.44625537446255376,0.7067293270672933
BD,9.999000099990002e-05,9.999000099990002e-05,0.006399360063993601,0.00029997000299970003,9.999000099990002e-05,9.999000099990002e-05,0.019998000199980003
CHR,0.013798620137986202,0.024297570242975703,0.00019998000199980003,0.0018998100189981002,0.008099190080991902,9.999000099990002e-05,0.14228577142285773
MDD,0.025697430256974303,0.0226977302269773,0.015898410158984102,0.0044995500449955,0.013498650134986502,0.0017998200179982,0.051394860513948606
OCD,0.014298570142985701,0.0100989901009899,0.003999600039996,0.05749425057494251,0.018198180181981802,0.0428957104289571,0.2783721627837216
PTSD,0.17348265173482652,0.1730826917308269,0.30226977302269775,0.16748325167483252,0.1316868313168683,0.055594440555944404,0.11948805119488051
SCZ,0.0033996600339966003,9.999000099990002e-05,0.16618338166183383,0.1357864213578642,0.0023997600239976003,0.0715928407159284,0.12018798120187982
