,SUD,ALC,ATS,CAN,COC,NIC,OPI
ADHD,0.3291670832916708,0.36966303369663034,0.49335066493350666,0.0201979802019798,0.38636136386361364,0.06179382061793821,0.21957804219578042
AN,9.999000099990002e-05,9.999000099990002e-05,0.0027997200279972004,0.0736926307369263,9.999000099990002e-05,0.0336966303369663,0.6515348465153484
ASD,0.34036596340365965,0.35926407359264073,0.7964203579642036,0.46265373462653736,0.2876712328767123,0.26117388261173885,0.6054394560543945
BD,9.999000099990002e-05,9.999000099990002e-05,0.00029997000299970003,0.00019998000199980003,9.999000099990002e-05,0.00019998000199980003,0.014298570142985701
CHR,0.00039996000399960006,0.0004999500049995,0.00019998000199980003,9.999000099990002e-05,0.00019998000199980003,9.999000099990002e-05,0.07029297070292971
MDD,0.059394060593940604,0.059194080591940805,0.0201979802019798,0.007599240075992401,0.028097190280971903,0.001999800019998,0.07179282071792821
OCD,0.0029997000299970002,0.0006999300069993001,0.0029997000299970002,0.038696130386961305,0.004899510048995101,0.031796820317968204,0.277972202779722
PTSD,0.17428257174282571,0.17418258174182583,0.30026997300269975,0.16918308169183083,0.1322867713228677,0.056894310568943104,0.1197880211978802
SCZ,9.999000099990002e-05,9.999000099990002e-05,0.0005999400059994001,0.0022997700229977,9.999000099990002e-05,9.999000099990002e-05,0.0014998500149985001
