,SUD,ALC,ATS,CAN,COC,NIC,OPI
ADHD,0.2598740125987401,0.25777422257774224,0.31516848315168483,0.42745725427457254,0.5134486551344866,0.5689431056894311,0.5755424457554245
AN,0.07539246075392461,0.014498550144985502,0.8692130786921308,0.096990300969903,0.21477852214778523,0.0872912708729127,0.9921007899210079
ASD,0.261973802619738,0.17468253174682533,0.8415158484151585,0.6204379562043796,0.7303269673032696,0.6556344365563443,0.6313368663133687
BD,0.0004999500049995,0.0010998900109989002,0.060493950604939506,9.999000099990002e-05,0.00019998000199980003,0.00029997000299970003,0.7489251074892511
CHR,0.0016998300169983002,0.0004999500049995,0.47595240475952405,0.0022997700229977,0.012098790120987902,0.0033996600339966003,0.9102089791020898
MDD,9.999000099990002e-05,9.999000099990002e-05,0.0675932406759324,9.999000099990002e-05,0.00019998000199980003,9.999000099990002e-05,0.7483251674832517
OCD,0.0027997200279972004,9.999000099990002e-05,0.2618738126187381,0.0044995500449955,0.0402959704029597,0.027497250274972504,0.9311068893110689
PTSD,0.0007999200079992001,0.00039996000399960006,0.23067693230676933,0.0026997300269973002,0.018698130186981302,0.0105989401059894,0.7866213378662134
SCZ,0.000999900009999,0.00019998000199980003,0.22187781221877811,0.0016998300169983002,0.017598240175982403,0.011198880111988802,0.8413158684131586
