,SUD,ALC,ATS,CAN,COC,NIC,OPI
ADHD,0.7697230276972302,0.805019498050195,0.35056494350564943,0.6697330266973303,0.5052494750524947,0.8818118188181182,0.8604139586041396
AN,0.6434356564343565,0.5858414158584142,0.7238276172382762,0.6356364363563644,0.668033196680332,0.637036296370363,0.7657234276572342
ASD,0.5309469053094691,0.617038296170383,0.7773222677732227,0.702029797020298,0.5648435156484352,0.7413258674132587,0.6761323867613239
BD,0.0010998900109989002,0.14378562143785623,0.2526747325267473,0.0005999400059994001,0.0025997400259974,0.0005999400059994001,0.6524347565243476
CHR,0.1690830916908309,0.28747125287471254,0.22767723227677233,0.011698830116988301,0.014098590140985901,0.06419358064193581,0.5889411058894111
MDD,0.1533846615338466,0.2832716728327167,0.0313968603139686,0.0015998400159984002,0.0016998300169983002,0.041695830416958304,0.7337266273372662
OCD,0.3725627437256274,0.38676132386761325,0.8035196480351965,0.029497050294970503,0.42125787421257876,0.35536446355364465,0.9436056394360564
PTSD,0.2253774622537746,0.34936506349365065,0.41875812418758124,0.0022997700229977,0.014298570142985701,0.10228977102289771,0.891010898910109
SCZ,0.24067593240675933,0.2293770622937706,0.5231476852314768,0.043995600439956005,0.32896710328967105,0.20567943205679431,0.6856314368563143
