,SUD,ALC,ATS,CAN,COC,NIC,OPI
ADHD,0.26007399260073993,0.25777422257774224,0.31526847315268475,0.4266573342665733,0.5143485651434857,0.5689431056894311,0.5746425357464253
AN,0.07539246075392461,0.014498550144985502,0.8692130786921308,0.096990300969903,0.21477852214778523,0.0872912708729127,0.9921007899210079
ASD,0.26147385261473854,0.17488251174882513,0.8423157684231577,0.6212378762123788,0.7315268473152685,0.6561343865613438,0.6307369263073692
BD,0.0004999500049995,0.0010998900109989002,0.060493950604939506,9.999000099990002e-05,0.00019998000199980003,0.00029997000299970003,0.7492250774922508
CHR,0.0016998300169983002,0.0004999500049995,0.47585241475852413,0.0021997800219978004,0.012098790120987902,0.0033996600339966003,0.9107089291070893
MDD,9.999000099990002e-05,9.999000099990002e-05,0.0674932506749325,9.999000099990002e-05,0.00019998000199980003,9.999000099990002e-05,0.7484251574842515
OCD,0.0027997200279972004,9.999000099990002e-05,0.2618738126187381,0.0044995500449955,0.040195980401959805,0.027497250274972504,0.9311068893110689
PTSD,0.0007999200079992001,0.00039996000399960006,0.23067693230676933,0.0026997300269973002,0.018698130186981302,0.0105989401059894,0.7866213378662134
SCZ,0.000999900009999,0.00019998000199980003,0.22227777222277773,0.0016998300169983002,0.0174982501749825,0.0110988901109889,0.8417158284171583
