,SUD,ALC,ATS,CAN,COC,NIC,OPI
ADHD,0.45565443455654436,0.26037396260373963,0.557944205579442,0.49995000499950004,0.6135386461353864,0.5793420657934206,0.49305069493050696
AN,0.025297470252974703,0.0013998600139986002,0.7559244075592441,0.0486951304869513,0.09609039096090391,0.033996600339966,0.9661033896610339
ASD,0.28957104289571045,0.0882911708829117,0.8111188881111889,0.48375162483751627,0.6705329467053295,0.44625537446255376,0.6037396260373963
BD,0.00039996000399960006,0.0028997100289971,0.053394660533946606,9.999000099990002e-05,0.00019998000199980003,0.00019998000199980003,0.6323367663233677
CHR,0.0044995500449955,0.0037996200379962005,0.6177382261773823,0.0084991500849915,0.022797720227977204,0.0035996400359964,0.8657134286571343
MDD,9.999000099990002e-05,0.0022997700229977,0.0382961703829617,9.999000099990002e-05,0.00019998000199980003,9.999000099990002e-05,0.5204479552044795
OCD,0.0026997300269973002,9.999000099990002e-05,0.2957704229577042,0.0029997000299970002,0.018698130186981302,0.0053994600539946005,0.8993100689931007
PTSD,0.0020997900209979003,0.000999900009999,0.12638736126387362,0.0024997500249975004,0.010998900109989001,0.0052994700529947,0.6304369563043696
SCZ,0.0006999300069993001,0.0005999400059994001,0.10628937106289371,0.0005999400059994001,0.0031996800319968005,0.0007999200079992001,0.785021497850215
