Psychiatric_Disorder,Z_spearman
BD,5.014075709224559
SCZ,4.850266982637408
CHR,4.473133489042446
AN,3.751443760435638
OCD,3.4758657746279225
MDD,2.9528208403037133
PTSD,2.0079568896227915
ASD,0.14413246120359105
ADHD,-0.016601658192609933
