Psychiatric_Disorder,Z_Stouffer
SCZ,8.767644085399093
BD,8.181183522258152
OCD,8.111540289893705
CHR,7.443268053464561
AN,7.328050335954274
MDD,5.791327174462378
PTSD,4.9027623032513645
ASD,1.4782662181105095
ADHD,1.109966911671511
