Psychiatric_Disorder,Z_euclidean
BD,3.7190417463402357
AN,3.238908639511612
CHR,3.238908639511612
MDD,1.7191259484697365
OCD,1.7039460813807543
SCZ,1.5973442998755498
PTSD,0.5722637773999782
ADHD,0.5453083737709258
ASD,-0.3867651128250306
