Psychiatric_Disorder,Z_euclidean
BD,3.0585468139716965
CHR,1.4835399457548322
MDD,0.585737244065265
PTSD,0.5547324178651246
SCZ,0.49316968213920853
ASD,-0.3308899717070822
ADHD,-0.42292482114942553
OCD,-0.9496447568780366
AN,-1.1618358994575801
