Psychiatric_Disorder,Mean_Z_euclidean_over_SUD
AN,3.482168253883393
BD,3.37276196767202
CHR,2.872838878122519
SCZ,2.41222556067116
MDD,1.5791385198744226
PTSD,1.4583208046155582
ADHD,1.2113155916188758
OCD,-0.1411570878192953
ASD,-0.5812156907987039
