Psychiatric_Disorder,cosine_value
BD,0.9408345512584348
AN,0.8881413739183627
MDD,0.8861785546824128
CHR,0.8490192097606755
ASD,0.8368522082133257
PTSD,0.8247526445113578
SCZ,0.782327457550872
OCD,0.5424513206755475
ADHD,0.458417978948347
