Psychiatric_Disorder,Z_spearman
CHR,4.525016367689817
BD,4.3862898232424685
SCZ,3.962703757473265
MDD,3.572415648972531
OCD,3.171060903002265
AN,2.5522399918287757
PTSD,2.1250605718483415
ADHD,1.7137740219004873
ASD,-0.16126069125428275
