Psychiatric_Disorder,euclidean_value
ASD,-0.3395585369269929
BD,-0.3978693252815552
ADHD,-0.40755367744629667
MDD,-0.41223051803572236
CHR,-0.4219004621945797
PTSD,-0.44381326027959106
OCD,-0.5941111007210689
SCZ,-0.9091754506144564
AN,-1.2704294740755977
