Psychiatric_Disorder,Mean_Z_cosine_over_SUD
BD,4.754079165030711
SCZ,4.3149330880684325
CHR,4.057297611224741
AN,4.047501447977829
MDD,2.914311471052374
PTSD,2.907347296540555
ADHD,2.6761097306378443
ASD,2.009234051147343
OCD,1.4033657188886448
