Psychiatric_Disorder,Z_euclidean
BD,2.1867857293777533
CHR,2.100434899856854
MDD,0.5354338281915328
OCD,0.11185099110388105
PTSD,-0.4166039560021286
ADHD,-0.46761134710231617
SCZ,-0.9296736398727293
ASD,-1.213821683458357
AN,-1.534562253406094
