Psychiatric_Disorder,Z_euclidean
BD,3.7190417463402357
CHR,3.7190417463402357
AN,3.4316415248279633
MDD,2.378181493576573
PTSD,2.0600259467902173
SCZ,1.8957417587090335
ADHD,1.7953827386289676
ASD,0.8680600425206128
OCD,-0.5030366480865458
