Psychiatric_Disorder,cosine_value
BD,0.8940779484539153
MDD,0.8573772642369868
SCZ,0.7334461396822675
PTSD,0.7310475615745421
CHR,0.7214639321073266
ASD,0.7060884188705815
AN,0.6942490190775733
OCD,0.5218286037298301
ADHD,0.2927188745627514
