Psychiatric_Disorder,Z_Stouffer
BD,8.22945436426944
CHR,7.037684992663032
MDD,5.8930207855198375
SCZ,5.4800941363039835
AN,4.654183505522378
PTSD,4.3185744222835165
OCD,1.9444991792428814
ADHD,1.5588711411637635
ASD,0.5268345340542876
