Psychiatric_Disorder,Z_cosine
SCZ,3.121418592884006
BD,2.48932141221285
CHR,1.725754654456113
PTSD,1.5539850564158417
ADHD,1.0577466022427122
MDD,0.953442407602786
ASD,0.000877232285413928
AN,-0.31241582193526723
OCD,-1.3767707342893791
