Psychiatric_Disorder,Z_cosine
BD,4.8611394899359075
CHR,4.7511193827361655
SCZ,4.391379196809431
MDD,3.640187013300166
PTSD,3.4396948605764344
AN,3.3814671382295476
ADHD,3.1210376975356406
ASD,2.32232632688713
OCD,1.3186924324867926
