Psychiatric_Disorder,euclidean_value
BD,-0.2085665361461421
PTSD,-0.36294381107824386
MDD,-0.37314072412429067
CHR,-0.38729833462074165
ASD,-0.41364235759892864
OCD,-0.4769989517808189
ADHD,-0.5050742519669756
SCZ,-0.6118823416311342
AN,-1.0752496680306394
