Psychiatric_Disorder,Z_Stouffer
BD,2.139177206755329
SCZ,1.8949621982417184
MDD,1.2652034207874652
ADHD,0.9698536785540532
PTSD,0.4818353708896581
CHR,0.4364720593735307
OCD,-0.759986457171472
ASD,-0.9919637693616375
AN,-2.4084398750233613
