Psychiatric_Disorder,cosine_value
AN,0.9458036277247288
BD,0.9319773833554613
ASD,0.8789003114263353
CHR,0.8558962465742258
MDD,0.8523543842393454
PTSD,0.8018368839436533
SCZ,0.7669944863761735
OCD,0.5199187652083109
ADHD,0.5020039827201462
