Psychiatric_Disorder,cosine_value
ASD,0.7652290936229467
AN,0.6871955546915941
BD,0.6209726373298671
ADHD,0.5136455106846094
MDD,0.4666555591399405
CHR,0.4290066973739738
PTSD,0.3869909170776861
SCZ,0.31696793171443943
OCD,-0.019753795130748146
