Psychiatric_Disorder,Z_spearman
CHR,3.5401101885132817
SCZ,3.352822458163233
BD,3.290554864277271
AN,3.011484117417135
ADHD,2.8070659793652184
MDD,1.991778552555253
OCD,1.9448351633554846
PTSD,1.0844345251217762
ASD,0.7369481444183718
