Psychiatric_Disorder,Z_Stouffer
BD,8.89060910286407
SCZ,7.02160420454769
CHR,6.601636639692299
MDD,6.4234984686973355
OCD,5.261500366975407
AN,5.138113280942573
PTSD,3.7600034643544045
ADHD,0.23366435136848449
ASD,-0.11636363822548458
