Psychiatric_Disorder,Mean_spearman_over_SUD
MDD,0.6977900303603529
BD,0.6582928379873026
SCZ,0.5918288863200182
PTSD,0.5515747056134372
OCD,0.49787297846210843
CHR,0.40903373301880136
AN,0.2811936282405946
ASD,0.2088189713354748
ADHD,-0.19651301818650896
