Psychiatric_Disorder,cosine_value
BD,0.7852169975741832
MDD,0.7083969611786083
ASD,0.6794798124259857
AN,0.6328661654857027
PTSD,0.5499284614727215
SCZ,0.5202493583807482
CHR,0.5099584033575099
ADHD,0.37417460810655856
OCD,0.2940583675161079
