Psychiatric_Disorder,Mean_Z_spearman_over_SUD
CHR,3.295486085467721
SCZ,3.287119704265506
BD,3.2861230558318617
AN,2.645024376845676
OCD,2.3301367022437183
MDD,1.2019318388977414
ADHD,1.077062430912444
PTSD,0.5071300746566005
ASD,-0.09651989021254133
