Psychiatric_Disorder,euclidean_value
BD,-0.2004993765576342
MDD,-0.3566707164879113
PTSD,-0.37071041258642845
CHR,-0.3764306044943743
ASD,-0.4101219330881976
OCD,-0.473189179927014
ADHD,-0.5304714883949938
SCZ,-0.6403905058634145
AN,-1.1452144116277962
