Psychiatric_Disorder,Z_euclidean
AN,3.194679915660236
BD,2.862767949209892
SCZ,1.6922887021395399
PTSD,1.532547192684516
CHR,1.4235232001018352
MDD,1.1562589775337524
ADHD,1.0203357728430607
ASD,-0.6573608710618603
OCD,-1.6343290311739957
