Psychiatric_Disorder,euclidean_value
MDD,-0.2678320369186629
BD,-0.2782085548648711
ASD,-0.2824889378365107
PTSD,-0.3258438429677627
CHR,-0.3263433774416144
ADHD,-0.3921734310225516
OCD,-0.437684818105449
SCZ,-0.8127115109311545
AN,-1.3384208787223846
