Psychiatric_Disorder,Z_spearman
BD,5.202173031879158
SCZ,5.1290769824176525
CHR,4.462257123885828
AN,3.8271545083268252
OCD,3.8064056218604017
MDD,2.4582827470449087
PTSD,2.1276494275378703
ASD,0.42135945252449375
ADHD,0.1796743742527653
