Psychiatric_Disorder,Z_Stouffer
BD,7.749958632853173
CHR,7.372788199777496
MDD,6.147991033097325
SCZ,5.995161437439677
PTSD,4.903071573965011
AN,4.1534111914168665
OCD,2.9264237031395135
ADHD,2.451956941655398
ASD,-0.26707392313445405
