Psychiatric_Disorder,Z_spearman
SCZ,5.154607937327101
BD,5.005502924283067
CHR,4.579218323588161
AN,4.555231771205566
OCD,4.359426261683321
PTSD,2.274085796897018
MDD,2.1568380221822205
ASD,1.042896555332565
ADHD,0.4673550279934265
