Psychiatric_Disorder,Mean_euclidean_over_SUD
BD,-0.26678253075766856
MDD,-0.3593483410510925
PTSD,-0.37819422290254845
CHR,-0.38733130781252584
ASD,-0.3907087467629221
OCD,-0.48581603107986054
ADHD,-0.49460987629275
SCZ,-0.6991322834424628
AN,-1.172981307174217
