Psychiatric_Disorder,Z_Stouffer
BD,8.728996307234318
MDD,7.8858778412075905
CHR,7.861899061076061
SCZ,6.7885853041190165
OCD,4.852154692964618
PTSD,4.649055308437435
AN,4.390284775769107
ADHD,2.372478384953622
ASD,0.3542121579060571
