Psychiatric_Disorder,Z_euclidean
BD,0.996113426911367
PTSD,-0.04828439571149775
ADHD,-0.052906379732104526
CHR,-0.12500201403144973
MDD,-0.1936823370324316
ASD,-0.8201791480485378
SCZ,-1.092482481124642
AN,-1.3302247990181502
OCD,-2.6361357337907996
