Psychiatric_Disorder,Z_spearman
BD,3.8089679249712773
SCZ,3.2614129523026696
OCD,2.6480897831019083
CHR,2.489480757289621
MDD,2.4719241237258807
AN,0.9917736231917539
PTSD,0.9734540569563785
ADHD,0.22171505677918577
ASD,-1.439955439501047
