Psychiatric_Disorder,Mean_Z_cosine_over_SUD
SCZ,3.269820877639309
BD,3.2655992448073623
CHR,3.1491502644918303
AN,2.4792382340132444
PTSD,1.5635335136788002
MDD,1.268296526963238
ADHD,1.2437938906229895
OCD,0.417887713337531
ASD,-0.4519400997514368
