Psychiatric_Disorder,euclidean_value
BD,-0.16217274740226856
MDD,-0.3042926223226584
PTSD,-0.31395893043517653
CHR,-0.34641016151377546
OCD,-0.3890604066208742
ASD,-0.4063249930782009
ADHD,-0.5348831648126533
SCZ,-0.5842944463196617
AN,-1.2231254427081468
