Psychiatric_Disorder,Z_cosine
SCZ,3.4316415248279633
BD,3.352822458163233
CHR,3.238908639511612
AN,3.0902620037960227
OCD,1.9899600138157583
MDD,1.6192687049138506
PTSD,1.0468462768959925
ADHD,0.4452565187147436
ASD,-0.6378863786875119
