Psychiatric_Disorder,spearman_value
MDD,0.9466760165994231
BD,0.920009086554369
SCZ,0.8473451327433629
PTSD,0.7483461942388149
OCD,0.7466740412615168
CHR,0.6433396873369319
AN,0.4807082524783385
ASD,0.31436520405420454
ADHD,-0.2623555803159681
