Psychiatric_Disorder,Z_Stouffer
BD,8.610388138132873
SCZ,7.968926584405418
CHR,7.244398100807958
OCD,6.5263783647667735
MDD,6.0884965709538985
AN,5.993105854306716
PTSD,4.621884600195899
ADHD,1.0199282140030055
ASD,0.8913973587524716
