Psychiatric_Disorder,Z_spearman
AN,3.7190417463402357
BD,3.7190417463402357
CHR,3.5401101885132817
SCZ,3.4316415248279633
OCD,2.7265843159342102
PTSD,0.31241582193526723
MDD,0.25293302598698125
ADHD,0.11592847371041543
ASD,-0.20737573885121086
