Psychiatric_Disorder,euclidean_value
MDD,-0.1909816745135512
BD,-0.20688160865577204
PTSD,-0.24084893605743835
CHR,-0.24228082879171436
ASD,-0.25179356624028343
OCD,-0.3465660110282023
ADHD,-0.39799497484264795
SCZ,-0.7262919523166975
AN,-1.326460496434025
