Psychiatric_Disorder,spearman_value
MDD,0.5238704416857547
BD,0.47947464154289415
SCZ,0.3668510526853055
PTSD,0.3384787062761938
OCD,0.15982488051429805
ASD,0.013956356928455673
CHR,-0.0932311803000072
AN,-0.21365690595869585
ADHD,-0.3135830619547758
