Psychiatric_Disorder,cosine_value
BD,0.9379314108838451
MDD,0.8853608529991409
CHR,0.8320763369071494
AN,0.8131158909299864
ASD,0.7866422185043715
PTSD,0.7723797127702957
SCZ,0.7538675783634221
OCD,0.5194998474582518
ADHD,0.34196680334518625
