Psychiatric_Disorder,Z_cosine
BD,3.4316415248279633
CHR,3.4316415248279633
SCZ,3.290554864277271
MDD,2.1469555525186923
PTSD,2.0814114626615776
ADHD,1.9703775156843726
AN,1.8303790333973384
ASD,0.9424439329687964
OCD,-0.05378772477718207
