Psychiatric_Disorder,Z_Stouffer
BD,5.9176536742290535
CHR,3.96588982185536
MDD,3.9178741965221073
SCZ,3.9027802344895126
OCD,2.430625426166242
AN,2.2845533417184742
PTSD,1.2900959424494014
ADHD,0.3803476352927323
ASD,-2.095393100741523
