Psychiatric_Disorder,Z_spearman
AN,3.7190417463402357
CHR,3.4316415248279633
SCZ,3.4316415248279633
BD,3.238908639511612
OCD,2.7478141734271935
MDD,1.0871459738892406
ASD,0.6499129926217087
PTSD,0.5552230191360715
ADHD,0.24595195045227747
