Psychiatric_Disorder,Z_spearman
CHR,4.867660003921339
BD,4.638911041678699
SCZ,4.442763342913323
MDD,3.7780522040541227
AN,3.220656126374115
OCD,3.1420847774032423
PTSD,2.5630347701877447
ADHD,1.8185700179079038
ASD,0.6266177492464722
