Psychiatric_Disorder,Z_spearman
SCZ,3.238908639511612
BD,3.0357025193167013
CHR,2.582841952734388
MDD,1.4654957119308696
OCD,1.2175956659509595
ADHD,1.2165443629862185
PTSD,0.772267509723827
AN,-0.15742170481509896
ASD,-0.7300600743785518
