Psychiatric_Disorder,Mean_Z_euclidean_over_SUD
BD,2.3257137741885323
CHR,1.0899176691916996
MDD,0.2050197291681815
PTSD,0.05664970161055967
SCZ,0.005233771165093952
ADHD,-0.1295327451002204
ASD,-0.6832758059404256
AN,-0.9252960426889713
OCD,-1.3281857105397954
