Psychiatric_Disorder,Z_euclidean
AN,3.7190417463402357
BD,3.290554864277271
SCZ,3.238908639511612
CHR,3.011484117417135
PTSD,1.6343290311739957
MDD,1.50165325787552
ADHD,0.7944091068090953
OCD,-0.09349861587003697
ASD,-0.26200100426957756
