Psychiatric_Disorder,Z_spearman
AN,3.7190417463402357
BD,3.7190417463402357
CHR,3.5401101885132817
SCZ,3.4316415248279633
OCD,2.8781932821529694
PTSD,0.36283475585126745
MDD,0.3516143694975009
ASD,0.06684471010219267
ADHD,0.004386174928403938
