Psychiatric_Disorder,Z_Stouffer
BD,8.846326956345639
CHR,7.5121675574838775
MDD,7.349429073493557
SCZ,6.508133304711359
OCD,5.405637651733106
PTSD,4.31032776739907
AN,3.783525536184038
ADHD,3.039933457370134
ASD,-0.441928240282751
