Psychiatric_Disorder,Z_cosine
AN,3.7190417463402357
BD,3.5401101885132817
SCZ,3.5401101885132817
CHR,3.4316415248279633
PTSD,1.572699476372739
ADHD,1.0386444973312638
ASD,0.8044140593068629
OCD,0.7465181618505689
MDD,0.642500992333439
