Psychiatric_Disorder,Z_spearman
SCZ,3.352822458163233
CHR,3.238908639511612
BD,3.121418592884006
OCD,2.947873465608017
AN,2.4181780971035662
MDD,1.6009451822391214
ADHD,0.4430435613839472
PTSD,0.16554739489324907
ASD,-0.6843556327808957
