Psychiatric_Disorder,Z_euclidean
BD,2.5046494398507884
CHR,1.6879123587268308
MDD,0.7267586900805267
PTSD,0.47956847561434146
ADHD,0.23925515506277512
SCZ,-0.26753542917411444
ASD,-0.4613344960633154
AN,-1.0020637636653296
OCD,-1.5631567428490531
