Psychiatric_Disorder,Z_cosine
CHR,4.53686321239121
BD,4.428855322901911
SCZ,3.758493294021211
MDD,3.5981482603729753
ADHD,3.3343254757294707
PTSD,3.202063646941984
AN,2.9101241851363073
ASD,1.6680110681212665
OCD,1.594752632696888
