Psychiatric_Disorder,Z_cosine
CHR,3.352822458163233
BD,3.0357025193167013
SCZ,2.6120883262961256
ADHD,2.483804904258328
MDD,1.7224308410922564
AN,1.5893171838139117
PTSD,1.4581996456715012
OCD,-0.16478515525996773
ASD,-0.2557806863707677
