Psychiatric_Disorder,Z_euclidean
AN,3.7190417463402357
BD,3.5401101885132817
SCZ,3.290554864277271
CHR,2.687482842760682
PTSD,1.491667163690796
MDD,1.0957854377083314
ADHD,1.0364977190484002
OCD,-0.02769901442386409
ASD,-0.8324420343856928
