Psychiatric_Disorder,Z_euclidean
AN,3.7190417463402357
SCZ,3.7190417463402357
BD,3.238908639511612
CHR,2.48932141221285
PTSD,1.5857822165454696
MDD,1.1830828288742041
ADHD,0.9377650545337347
OCD,0.20072206122785677
ASD,-0.8499363692896699
