Psychiatric_Disorder,Z_euclidean
BD,3.2394352321424615
CHR,0.9123803234645124
SCZ,0.6804519385163805
PTSD,0.10529883299991301
ADHD,-0.1692130018041407
MDD,-0.17614293050804453
ASD,-0.3275449220019244
AN,-0.548919490616362
OCD,-1.225897175963195
