Psychiatric_Disorder,Z_spearman
SCZ,1.874999179127499
BD,1.7887486370972334
MDD,1.0273356322341087
ADHD,0.975203488775518
CHR,0.855043359276111
PTSD,0.2662011854024999
OCD,-0.0759311136060933
ASD,-0.7105601385184895
AN,-1.5001058564927368
