Psychiatric_Disorder,Z_euclidean
CHR,3.5401101885132817
AN,3.352822458163233
BD,3.238908639511612
ADHD,2.349510375697948
MDD,2.019881695082838
SCZ,1.451698913844877
PTSD,1.3316303040239332
ASD,-0.3510811791184286
OCD,-0.6342044477892355
