Psychiatric_Disorder,spearman_value
OCD,0.8898825966347892
SCZ,0.8372098156937637
PTSD,0.7955844817191209
AN,0.766011880722713
MDD,0.747501381173223
BD,0.7297037292405272
CHR,0.7185801967825922
ASD,0.1911593300968225
ADHD,-0.07632455974110465
