Psychiatric_Disorder,Mean_Z_spearman_over_SUD
BD,4.263524156053781
SCZ,4.09654730488556
CHR,3.750258489241903
OCD,2.932428858296138
MDD,2.631095602645355
AN,2.485484846409991
PTSD,1.7624918140646635
ADHD,0.7656700470595253
ASD,-0.0109671501380996
