Psychiatric_Disorder,Z_cosine
AN,6.060055275315875
BD,5.593295368137413
SCZ,5.148821105587327
CHR,4.416292065343896
PTSD,3.1865307102109477
ADHD,2.7295757508136784
ASD,2.7038250957197767
MDD,2.6441073622623343
OCD,2.1190042083067455
