Psychiatric_Disorder,Z_cosine
AN,5.718212237540819
BD,5.4882224184997135
SCZ,5.145534875611079
CHR,4.4163557030656975
PTSD,3.2230076879472964
ADHD,2.7409783556589074
MDD,2.731508723065289
ASD,2.59923088705275
OCD,1.9008759323711053
