Psychiatric_Disorder,Z_euclidean
BD,2.001513728044675
CHR,1.3894516033800004
MDD,0.684283553946158
ADHD,0.561126433750659
PTSD,0.12368187668732222
SCZ,-0.4554433047205187
ASD,-0.8617798549750675
AN,-1.2614034481638474
OCD,-1.4518574660798513
