Psychiatric_Disorder,Z_cosine
BD,4.61039298318295
CHR,3.802827052338822
SCZ,3.756721759072872
AN,3.64029927287483
MDD,2.913442445429777
PTSD,2.1258360872963196
OCD,2.1081192545573
ADHD,2.0834004318487045
ASD,0.9690146711471064
