Psychiatric_Disorder,Mean_cosine_over_SUD
BD,0.8663431028564911
MDD,0.8005560205246801
AN,0.7694641075566793
ASD,0.7633269186738698
CHR,0.7192425216673888
PTSD,0.7009796076655963
SCZ,0.6727722336838378
OCD,0.43381453297956407
ADHD,0.3904757345082429
