Psychiatric_Disorder,Mean_Z_over_SUD
BD,6.780760547967211
CHR,5.421927965877148
SCZ,5.167750298133564
MDD,4.029525998061837
AN,4.019424201838606
PTSD,3.0942971014753957
OCD,1.9224833899408278
ADHD,0.8027379304033054
ASD,-0.07664100382092151
