Psychiatric_Disorder,Z_spearman
CHR,3.194679915660236
BD,2.8781932821529694
SCZ,2.7703597995365756
ADHD,2.7065165135606257
AN,2.085804889193426
OCD,1.848060849277194
MDD,1.6636100561852232
PTSD,0.29718749593474525
ASD,-0.2956161382282395
