Psychiatric_Disorder,Z_euclidean
BD,2.2929520490209834
SCZ,1.6081496323920734
AN,0.36193735550456546
CHR,0.18070656719031833
PTSD,-0.4018453401791573
ADHD,-0.5944552547269897
MDD,-0.7272499445657358
ASD,-0.7673805653286947
OCD,-1.5824590893215127
