Psychiatric_Disorder,Z_cosine
AN,3.7190417463402357
BD,3.7190417463402357
SCZ,3.5401101885132817
CHR,3.4316415248279633
PTSD,1.5709753217645164
OCD,1.1189213762460861
ADHD,0.9139104092355211
MDD,0.6717390683582131
ASD,-0.8085776511674129
