Psychiatric_Disorder,Mean_Z_over_SUD
BD,7.305625548992554
SCZ,6.167188595509058
CHR,5.908947658415495
MDD,5.579820127409491
OCD,4.800425056315869
AN,3.6790511481937065
PTSD,3.466998814031036
ADHD,1.3345326088300362
ASD,-0.17308783572703706
