Psychiatric_Disorder,spearman_value
ASD,0.12009611535381534
ADHD,0.09750591961694191
MDD,-0.013483452474311616
BD,-0.10337313563638906
PTSD,-0.11161715361360956
SCZ,-0.2203717286647683
CHR,-0.3427044170554202
OCD,-0.3775366692807252
AN,-0.5217939320872035
