Psychiatric_Disorder,Z_Stouffer
BD,2.6961597727938376
SCZ,2.359322630304523
CHR,1.476954081015938
MDD,0.7614167597114868
ADHD,0.5554747404500526
PTSD,0.4688811664160537
ASD,-0.7714843973367344
AN,-0.8361101836608549
OCD,-2.4610797446021677
