Psychiatric_Disorder,Z_cosine
AN,5.184149060223614
BD,5.15775991113188
SCZ,5.030527261555417
CHR,4.297530054885651
PTSD,3.076260365754174
MDD,2.9756201417933505
ADHD,2.027035056995611
ASD,2.006840937736969
OCD,1.8127026735370602
