Psychiatric_Disorder,spearman_value
MDD,0.8834764228429254
BD,0.8435202027143508
SCZ,0.8044203805870555
OCD,0.7591681824429157
PTSD,0.7530324312268416
CHR,0.6848052172036243
AN,0.5572700743046397
ASD,0.2698229006168097
ADHD,-0.20606886928456697
