Psychiatric_Disorder,euclidean_value
BD,-0.41327956639543656
PTSD,-0.5892403669131978
SCZ,-0.6091797764207213
MDD,-0.6102900949548502
CHR,-0.610655385630881
ASD,-0.6310309025713401
OCD,-0.6831017493755963
ADHD,-0.6941181455631311
AN,-0.8319687786209288
