Psychiatric_Disorder,spearman_value
MDD,0.882943692491612
BD,0.8606471346004096
SCZ,0.7303037152896183
PTSD,0.6334537860546282
OCD,0.5975477514842222
CHR,0.5384618730725361
AN,0.38496423152811765
ASD,0.3013952879728052
ADHD,-0.31047710315793203
