Psychiatric_Disorder,cosine_value
BD,0.9533907911397304
MDD,0.9475685671963261
PTSD,0.8399210723089185
CHR,0.8372768255908613
SCZ,0.8355526837189415
AN,0.7248771210688073
ASD,0.6900963676535434
OCD,0.6586986213996491
ADHD,0.25040238319010105
