Psychiatric_Disorder,spearman_value
MDD,0.913545710203843
BD,0.8780682068949559
SCZ,0.7770438359057901
CHR,0.7139847540913531
OCD,0.7095500661777422
PTSD,0.7037444933920705
AN,0.5148517966962526
ASD,0.25093760432541057
ADHD,-0.3042878724681571
