Psychiatric_Disorder,Z_cosine
BD,3.138888661425202
SCZ,2.9730541238216905
ADHD,2.6964153458828957
CHR,2.1800958078117447
PTSD,2.098037717056729
MDD,1.8971663511427252
ASD,1.795389371366402
AN,1.438202966523805
OCD,-1.0305871017353778
