Psychiatric_Disorder,Z_cosine
AN,3.7190417463402357
CHR,3.4316415248279633
SCZ,3.352822458163233
BD,3.290554864277271
PTSD,1.6606173559694322
MDD,1.1217381219234295
ADHD,0.7968167868939873
OCD,0.665158055776832
ASD,-0.1675805054801681
