,SUD,ALC,ATS,CAN,COC,NIC,OPI
ADHD,-0.20606886928456697,-0.07632455974110465,-0.3135830619547758,-0.2623555803159681,-0.31047710315793203,-0.3042878724681571,0.09750591961694191
AN,0.5572700743046397,0.766011880722713,-0.21365690595869585,0.4807082524783385,0.38496423152811765,0.5148517966962526,-0.5217939320872035
ASD,0.2698229006168097,0.1911593300968225,0.013956356928455673,0.31436520405420454,0.3013952879728052,0.25093760432541057,0.12009611535381534
BD,0.8435202027143508,0.7297037292405272,0.47947464154289415,0.920009086554369,0.8606471346004096,0.8780682068949559,-0.10337313563638906
CHR,0.6848052172036243,0.7185801967825922,-0.0932311803000072,0.6433396873369319,0.5384618730725361,0.7139847540913531,-0.3427044170554202
MDD,0.8834764228429254,0.747501381173223,0.5238704416857547,0.9466760165994231,0.882943692491612,0.913545710203843,-0.013483452474311616
OCD,0.7591681824429157,0.8898825966347892,0.15982488051429805,0.7466740412615168,0.5975477514842222,0.7095500661777422,-0.3775366692807252
PTSD,0.7530324312268416,0.7955844817191209,0.3384787062761938,0.7483461942388149,0.6334537860546282,0.7037444933920705,-0.11161715361360956
SCZ,0.8044203805870555,0.8372098156937637,0.3668510526853055,0.8473451327433629,0.7303037152896183,0.7770438359057901,-0.2203717286647683
