,SUD,ALC,ATS,CAN,COC,NIC,OPI
ADHD,0.458417978948347,0.5020039827201462,0.37417460810655856,0.25040238319010105,0.2927188745627514,0.34196680334518625,0.5136455106846094
AN,0.8881413739183627,0.9458036277247288,0.6328661654857027,0.7248771210688073,0.6942490190775733,0.8131158909299864,0.6871955546915941
ASD,0.8368522082133257,0.8789003114263353,0.6794798124259857,0.6900963676535434,0.7060884188705815,0.7866422185043715,0.7652290936229467
BD,0.9408345512584348,0.9319773833554613,0.7852169975741832,0.9533907911397304,0.8940779484539153,0.9379314108838451,0.6209726373298671
CHR,0.8490192097606755,0.8558962465742258,0.5099584033575099,0.8372768255908613,0.7214639321073266,0.8320763369071494,0.4290066973739738
MDD,0.8861785546824128,0.8523543842393454,0.7083969611786083,0.9475685671963261,0.8573772642369868,0.8853608529991409,0.4666555591399405
OCD,0.5424513206755475,0.5199187652083109,0.2940583675161079,0.6586986213996491,0.5218286037298301,0.5194998474582518,-0.019753795130748146
PTSD,0.8247526445113578,0.8018368839436533,0.5499284614727215,0.8399210723089185,0.7310475615745421,0.7723797127702957,0.3869909170776861
SCZ,0.782327457550872,0.7669944863761735,0.5202493583807482,0.8355526837189415,0.7334461396822675,0.7538675783634221,0.31696793171443943
