,SUD,ALC,ATS,CAN,COC,NIC,OPI
ADHD,0.02584139517310458,-0.00017253003454930241,0.07214599349170488,0.42036390295483256,0.04264836195614721,0.3502044583450138,0.21459588334250349
AN,0.7315778508018899,0.7372295156175689,0.34782070151863836,0.35397492821924076,0.573378245215388,0.295545476886831,-0.03780398347972209
ASD,-0.0014354920178515718,0.010052557477819362,-0.15844189155145513,-0.04451798897948292,0.09461361737675962,0.09806383935567833,-0.09029583582337058
BD,0.5847412469269151,0.6249047193728425,0.5097454874235245,0.41850464086555994,0.6207948920538829,0.4612088578041151,0.34326716072439567
CHR,0.5340327538868084,0.5306471516874403,0.514794216267402,0.5688302382281872,0.600795859529583,0.5946753047822854,0.2923712476703272
MDD,0.04225633204860562,0.05506043925182152,0.21635338584619282,0.2571545984031832,0.1360344958779917,0.2740492359178392,0.20842294808003312
OCD,0.32627954483920374,0.3628695812292754,0.3830795809737439,0.23308277474016711,0.342616241598037,0.24755063326911514,0.15362059422838328
PTSD,0.04007166623576488,0.04726328906510213,0.01596559788589437,0.03880277833465373,0.06753066655166846,0.13250938838099413,0.10342490774010077
SCZ,0.5639682446247042,0.5888221392211681,0.45951037317739785,0.36908397529920023,0.662424514064141,0.49758232370869254,0.39715180292840313
