,SUD,ALC,ATS,CAN,COC,NIC,OPI
ADHD,0.7927822185784836,0.828004106884059,0.6958385534213145,0.5947148074181026,0.5747598607806388,0.6451757973079773,0.7180400249636382
AN,0.8881413739183626,0.9458036277247288,0.6328661654857028,0.7248771210688073,0.6942490190775733,0.8131158909299864,0.6871955546915941
ASD,0.8013977171387658,0.8540656139685342,0.5593568896826363,0.5493973962180428,0.5197653792071344,0.63650053424515,0.7200258191359701
BD,0.9408345512584348,0.9319773833554612,0.7852169975741828,0.9533907911397305,0.8940779484539153,0.9379314108838451,0.6209726373298671
CHR,0.8490192097606755,0.8558962465742258,0.5099584033575097,0.8372768255908615,0.7214639321073265,0.8320763369071493,0.4290066973739737
MDD,0.8861785546824127,0.8523543842393455,0.7083969611786084,0.9475685671963262,0.8573772642369866,0.8853608529991409,0.46665555913994045
OCD,0.5424513206755475,0.5199187652083109,0.2940583675161079,0.6586986213996491,0.5218286037298302,0.5194998474582518,-0.019753795130748177
PTSD,0.8247526445113578,0.8018368839436532,0.5499284614727215,0.8399210723089185,0.7310475615745423,0.7723797127702957,0.3869909170776862
SCZ,0.7823274575508719,0.7669944863761735,0.5202493583807483,0.8355526837189415,0.7334461396822677,0.7538675783634223,0.31696793171443943
