,SUD,ALC,ATS,CAN,COC,NIC,OPI
ADHD,-0.1418849690853304,-0.14850735174764856,-0.1434183607886979,0.034711718131698065,-0.15311448206991246,-0.009313725357081788,-0.03200599465669106
AN,0.9490813351382652,0.9488010049685934,0.8224686582899168,0.8620117539183881,0.9232599332575819,0.8591668784444936,0.7649240894171633
ASD,0.3266305197734142,0.3131041911390772,0.21468716735529472,0.33777515889163806,0.3550553429255784,0.39334718617123726,0.2702528462208211
BD,0.945817394891926,0.9442386704578876,0.8627786800535124,0.9068501880083459,0.9492261355578848,0.9205340174987509,0.8582904530860336
CHR,0.9210828723511021,0.9130449184785653,0.8519354774625312,0.9204646328356443,0.927903298933147,0.9353241845912479,0.8387892936444834
MDD,0.6384904453844527,0.6326472526503537,0.6264325158414287,0.6960522605242426,0.6636401959697955,0.7125659524371827,0.6449298395753537
OCD,0.8084963855790943,0.811185484097324,0.7577935123960055,0.7633441659952519,0.8066529854653471,0.7696628491663778,0.6918079824624399
PTSD,0.14531936295031653,0.14567670927352352,0.10784717017339138,0.14946711293529813,0.16583415286068867,0.21048907885596826,0.19799057744685802
SCZ,0.9535700920563713,0.9477140978784299,0.8479939744725862,0.9110602638698804,0.9624670609112571,0.9312310693748551,0.8869828084393275
