,SUD,ALC,ATS,CAN,COC,NIC,OPI
ADHD,-1.8499729727755485,-2.310151510182828,-1.1646887996370532,-1.5627219842313602,-1.8358104477314645,-1.47,-1.5521597855890998
AN,-3.0916972795116924,-2.686566751104465,-3.9029278686826894,-3.458060616608679,-3.1740089206144333,-3.5533583928644177,-3.6742803251983918
ASD,-1.6318088123306604,-2.0694443698732274,-1.1346805717910218,-1.4415616532080757,-1.5890248582070705,-1.2926329718833571,-1.4600000000000002
BD,-0.5554484674567031,-0.8747130958205668,-0.8655304731781545,-0.6581511984339161,-0.5306251030624164,-0.6075713949816927,-0.8027596153270292
CHR,-0.9594790253048787,-1.4217594733287342,-0.5084289527554465,-0.7671375365604268,-0.9297311439335568,-0.6325345840347387,-0.8559205570612264
MDD,-1.4135225502269144,-1.8729885210539865,-0.7552522757330825,-1.1746258978926014,-1.377238541429915,-1.048640071711929,-1.166578758592835
OCD,-1.3034377622272573,-1.7633178953325463,-0.6593709123096043,-1.1328592145540417,-1.2849552521391552,-1.012763545947424,-1.1389249316789936
PTSD,-1.6848400517556557,-2.149643226212201,-0.9882236588950905,-1.4774863789558266,-1.6578799715299055,-1.3380007473839468,-1.4158905324918307
SCZ,-1.170584469399795,-0.9268700016722949,-1.9240862766518554,-1.4530271848798977,-1.1512636535563867,-1.4865422967409976,-1.5450009708734813
