,SUD,ALC,ATS,CAN,COC,NIC,OPI
ADHD,-0.34394767043839675,-0.49193495504995377,-0.3319638534539566,-0.44056781543821383,-0.382099463490856,-0.4298837052040936,-0.34568772034887213
AN,-1.0752496680306394,-0.8319687786209288,-1.3384208787223846,-1.2231254427081468,-1.326460496434025,-1.1452144116277962,-1.2704294740755977
ASD,-0.3407345007480164,-0.4979959839195493,-0.3676955262170047,-0.4482186966202994,-0.37255872020394315,-0.42544094772365293,-0.3306055050963308
BD,-0.2085665361461421,-0.41327956639543656,-0.2782085548648711,-0.16217274740226856,-0.20688160865577204,-0.2004993765576342,-0.3978693252815552
CHR,-0.38729833462074165,-0.610655385630881,-0.3263433774416144,-0.34641016151377546,-0.24228082879171436,-0.3764306044943743,-0.4219004621945797
MDD,-0.37314072412429067,-0.6102900949548502,-0.2678320369186629,-0.3042926223226584,-0.1909816745135512,-0.3566707164879113,-0.41223051803572236
OCD,-0.4769989517808189,-0.6831017493755963,-0.437684818105449,-0.3890604066208742,-0.3465660110282023,-0.473189179927014,-0.5941111007210689
PTSD,-0.36294381107824386,-0.5892403669131978,-0.3258438429677627,-0.31395893043517653,-0.24084893605743835,-0.37071041258642845,-0.44381326027959106
SCZ,-0.6118823416311342,-0.6091797764207213,-0.8127115109311545,-0.5842944463196617,-0.7262919523166975,-0.6403905058634145,-0.9091754506144564
