,SUD,ALC,ATS,CAN,COC,NIC,OPI
ADHD,1.0364977190483997,0.9381541765049382,0.5450175812394374,2.345568246696306,0.7944091068090953,1.796640183626918,1.0203357728430607
AN,3.719041746340193,3.719041746340193,3.238908639511618,3.3528224581632635,3.719041746340193,3.431641524827919,3.1946799156602337
ASD,0.7591627189710992,0.710567538541739,-0.38703522966284215,0.4109190588067054,0.8549826661509513,0.8680600425206128,0.07513664791871384
BD,3.540110188513238,3.238908639511618,3.719041746340193,3.238908639511618,3.2905548642772864,3.719041746340193,2.8627679492098896
CHR,2.6874828427606774,2.4893214122128526,3.238908639511618,3.540110188513238,3.011484117417136,3.719041746340193,1.4235232001018359
MDD,1.0957854377083314,1.1830828288742041,1.7191259484697365,2.019881695082837,1.5016532578755206,2.378181493576573,1.1562589775337524
OCD,-0.027949749228392957,0.20072206122785677,1.7039460813807543,-0.6345109465065724,-0.0937503545333164,-0.5036056148359457,-1.6352826878802387
PTSD,1.491667163690796,1.5857822165454691,0.5722637773999782,1.3316303040239337,1.634329031173995,2.0600259467902164,1.532547192684516
SCZ,3.2905548642772864,3.719041746340193,1.5973442998755496,1.451698913844877,3.238908639511618,1.8957417587090326,1.6922887021395399
