,SUD,ALC,ATS,CAN,COC,NIC,OPI
ADHD,1.0386444973312638,0.9139104092355211,0.4452565187147436,2.483804904258328,0.7968167868939873,1.9703775156843726,1.0577466022427122
AN,3.7190417463402357,3.7190417463402357,3.0902620037960227,1.5893171838139117,3.7190417463402357,1.8303790333973384,-0.31241582193526723
ASD,0.8044140593068629,0.7382641212700448,-0.6378863786875119,0.3954229874804589,0.9246183134317851,0.9424439329687964,0.000877232285413928
BD,3.5401101885132817,3.7190417463402357,3.352822458163233,3.0357025193167013,3.290554864277271,3.4316415248279633,2.48932141221285
CHR,3.4316415248279633,3.4316415248279633,3.238908639511612,3.352822458163233,3.4316415248279633,3.4316415248279633,1.725754654456113
MDD,0.642500992333439,0.6717390683582131,1.6192687049138506,1.7224308410922564,1.1217381219234295,2.1469555525186923,0.953442407602786
OCD,0.7465181618505689,1.1189213762460861,1.9899600138157583,-0.16478515525996773,0.665158055776832,-0.05378772477718207,-1.3767707342893791
PTSD,1.572699476372739,1.5709753217645164,1.0468462768959925,1.4581996456715012,1.6606173559694322,2.0814114626615776,1.5539850564158417
SCZ,3.5401101885132817,3.5401101885132817,3.4316415248279633,2.6120883262961256,3.352822458163233,3.290554864277271,3.121418592884006
