,SUD,ALC,ATS,CAN,COC,NIC,OPI
ADHD,1.0386444973312638,0.9139104092355211,0.4452565187147436,2.4838049042583292,0.7968167868939873,1.9703775156843717,1.0577466022427122
AN,3.719041746340193,3.719041746340193,3.090262003796006,1.589317183813912,3.719041746340193,1.830379033397338,-0.3126790054779522
ASD,0.8044140593068629,0.7382641212700448,-0.6381935962715476,0.3954229874804589,0.9246183134317851,0.9424439329687964,0.0008772322854140671
BD,3.540110188513238,3.719041746340193,3.3528224581632635,3.0357025193167066,3.2905548642772864,3.431641524827919,2.4893214122128526
CHR,3.431641524827919,3.431641524827919,3.238908639511618,3.3528224581632635,3.431641524827919,3.431641524827919,1.7257546544561126
MDD,0.6425009923334393,0.6717390683582133,1.6192687049138506,1.722430841092257,1.1217381219234295,2.1469555525186936,0.9534424076027858
OCD,0.7465181618505687,1.1189213762460861,1.9899600138157587,-0.16503922447804087,0.6651580557768317,-0.05403872706270882,-1.377417641526094
PTSD,1.5726994763727395,1.5709753217645164,1.0468462768959925,1.4581996456715007,1.660617355969432,2.0814114626615776,1.5539850564158417
SCZ,3.540110188513238,3.540110188513238,3.431641524827919,2.6120883262961274,3.3528224581632635,3.2905548642772864,3.121418592883994
