,SUD,ALC,ATS,CAN,COC,NIC,OPI
ADHD,1.0364977190484002,0.9377650545337347,0.5453083737709258,2.349510375697948,0.7944091068090953,1.7953827386289676,1.0203357728430607
AN,3.7190417463402357,3.7190417463402357,3.238908639511612,3.352822458163233,3.7190417463402357,3.4316415248279633,3.194679915660236
ASD,0.7591627189710992,0.710567538541739,-0.3867651128250306,0.41091905880670526,0.8549826661509513,0.8680600425206128,0.07513664791871384
BD,3.5401101885132817,3.238908639511612,3.7190417463402357,3.238908639511612,3.290554864277271,3.7190417463402357,2.862767949209892
CHR,2.687482842760682,2.48932141221285,3.238908639511612,3.5401101885132817,3.011484117417135,3.7190417463402357,1.4235232001018352
MDD,1.0957854377083314,1.1830828288742041,1.7191259484697365,2.019881695082838,1.50165325787552,2.378181493576573,1.1562589775337524
OCD,-0.02769901442386409,0.20072206122785677,1.7039460813807543,-0.6342044477892355,-0.09349861587003697,-0.5030366480865458,-1.6343290311739957
PTSD,1.491667163690796,1.5857822165454696,0.5722637773999782,1.3316303040239332,1.6343290311739957,2.0600259467902173,1.532547192684516
SCZ,3.290554864277271,3.7190417463402357,1.5973442998755498,1.451698913844877,3.238908639511612,1.8957417587090335,1.6922887021395399
