,SUD,ALC,ATS,CAN,COC,NIC,OPI
ADHD,0.11592847371041543,0.004386174928404078,0.4430435613839472,2.7065165135606253,0.2459519504522773,2.8070659793652224,1.2165443629862183
AN,3.719041746340193,3.719041746340193,2.418178097103568,2.0858048891934273,3.719041746340193,3.011484117417136,-0.15767547257196587
ASD,-0.015414832916224428,0.06684471010219267,-1.0889580557337335,-0.29587798039056284,0.6499129926217087,0.7369481444183718,-0.7303872908812618
BD,3.719041746340193,3.719041746340193,3.121418592883994,2.8781932821529694,3.238908639511618,3.2905548642772864,3.0357025193167066
CHR,3.540110188513238,3.540110188513238,3.238908639511618,3.1946799156602337,3.431641524827919,3.540110188513238,2.5828419527343858
MDD,0.2529330259869811,0.35161436949750074,1.6009451822391219,1.6636100561852232,1.0871459738892406,1.9917785525552536,1.4654957119308702
OCD,2.7265843159342125,2.8781932821529694,2.947873465608009,1.8480608492771935,2.7478141734271873,1.944835163355485,1.217595665950959
PTSD,0.31241582193526707,0.36283475585126745,0.1655473948932492,0.29718749593474525,0.5552230191360715,1.0844345251217762,0.772267509723827
SCZ,3.431641524827919,3.431641524827919,3.3528224581632635,2.7703597995365734,3.431641524827919,3.3528224581632635,3.238908639511618
