,SUD,ALC,ATS,CAN,COC,NIC,OPI
ADHD,-0.06673321126651562,-0.033830783450286304,-0.12421928012945863,1.2156133275412424,-0.33431937885361673,0.967416288469658,0.18531940334571576
AN,4.352805618767539,5.303082856185116,1.5471087738207583,2.5505957799633956,3.8158518260153618,3.0231291702266097,-1.2965583867803372
ASD,-0.09078309199873821,0.36766287844148937,-2.229268418652929,-0.8190700385410132,-0.4196566398838515,-0.10888055784282866,-1.346321920500213
BD,5.7877579141369715,5.551267040886824,4.187668414425048,6.140108828254259,5.853595802417374,5.830371226073732,1.3234167416462561
CHR,4.899907165605622,5.147195906440507,2.6457798763307068,5.155710392959979,4.56011903715944,5.11402160004363,0.2914991903813035
MDD,3.1537460377620308,3.013487219492002,2.7680154700070974,4.975350694747796,3.8895287855484995,4.720272869733447,0.8583890172854026
OCD,3.882454108038063,4.476807066581998,2.674197625762885,3.4204313295686304,3.4563270757879767,3.0710831118729733,-0.44627652741470175
PTSD,2.599910512851204,2.7036973701529345,0.8831952315888738,2.7553885243929455,2.2238747790965396,2.8733931112288706,0.20534506499228206
SCZ,5.154270211400869,5.269961472439627,3.166447216242348,4.910398894250588,4.811271289316085,4.987921969503849,1.587470857806488
