,SUD,ALC,ATS,CAN,COC,NIC,OPI
ADHD,1.2650152527370064,1.0718223464094538,0.8275263376078132,4.3508479263912045,1.0606951228723134,3.7955489815590098,1.9021536341052028
AN,6.4415692601309,6.4415692601309,5.050284149971935,4.0575856669211054,6.4415692601309,4.776710151623763,1.5728900247644606
ASD,0.893831715903734,0.8750761601741891,-1.2206263652482665,0.2947165658570337,1.4026805458521934,1.4707721671764402,-0.37780266480497676
BD,6.234956893975077,6.16436428165657,5.885094566997626,5.284374107840552,5.669590248250085,6.028251648172388,4.842693900251478
CHR,5.57676167113113,5.462353115861341,5.609954324707912,5.824085828345765,5.70119948209446,6.172332481797718,3.309440913767415
MDD,1.1496310889538202,1.2738865725462714,2.851729183715813,3.121110863917509,2.142279739990039,3.7625429751669492,2.064141006397837
OCD,1.9890598552314047,2.4236221600906935,3.8346332173286455,0.6053579223604183,1.9163536428412247,0.8008949941854793,-1.0364041606695125
PTSD,1.949586263429816,2.032037558471732,1.0303724587006668,1.7822903532276553,2.22289634314113,3.017158568176561,2.227879079506006
SCZ,5.924945465094475,6.172332481797718,4.839239268408943,3.945696633039334,5.786996881789917,4.930062700143981,4.64917997748454
