,SUD,ALC,ATS,CAN,COC,NIC,OPI
ADHD,0.5520094105588458,0.44885723632142893,0.1991878690061017,1.9668970519149793,0.3986773124694644,1.4662296211762031,0.7807381727786762
AN,2.413539389273263,3.155935924680208,1.6556623249242008,1.5357995862408844,2.2636176678617352,1.5902040357771492,1.3135992481152337
ASD,0.014662834573834915,0.028200485790077525,-1.0056820445075223,-0.26277925233699306,0.1427199643394569,0.13512790321950388,-0.5438548715174032
BD,3.719041746340193,3.719041746340193,2.4893214122128526,3.431641524827919,3.719041746340193,3.719041746340193,2.0537902150894585
CHR,2.202964650095401,1.9721267366910544,3.540110188513238,2.8943354481172303,2.404414832515452,3.719041746340193,1.0701061241269303
MDD,1.9481680326082427,2.0009715079764745,2.1469555525186936,2.6120883262961274,2.2115568415761695,2.911268967455448,1.631476943474948
OCD,2.1889958688096813,2.3226496679260715,2.6521035696928323,1.5761618800347275,2.092471480502515,1.7180284788691016,0.5876841361665196
PTSD,0.9404918982116852,0.9420532388598538,0.5178835126424953,0.9641584275996599,1.1184527811261415,1.5928721235040149,1.1775498764644419
SCZ,2.7065165135606253,3.719041746340193,0.9693576726897777,1.0994476811734695,2.8201901451073623,1.464030256859005,1.1740475945486746
