,SUD,ALC,ATS,CAN,COC,NIC,OPI
ADHD,0.12321183624918144,-0.016602650322143843,0.476903440143561,2.420830865769031,0.28695624464150604,2.790091253152888,1.3604241385565112
AN,3.399344313433788,3.6749365404279213,2.1831364051973083,1.8777865402925304,3.9228037271984557,2.6774258475611226,-0.21245841363061785
ASD,-0.0028685794341041155,0.07394584120742315,-1.1110706322702084,-0.28760161806633366,0.6611611443044245,0.7333492707488888,-0.7498469702693521
BD,4.309975175729001,4.451361381154626,3.6716759932586838,2.888619393392627,4.033983633365788,3.370252198068706,2.9044839642978384
CHR,3.8480905174928903,3.871481667629129,3.856592917984515,4.089915282047801,4.397103825707151,4.3199077528899785,2.453920939614248
MDD,0.25923474410190256,0.353008823426724,1.5998707227212356,1.6721265557723877,1.0041220263515542,2.07209255968182,1.489213395536213
OCD,2.661991413799771,2.9715810257724984,3.1631976438785787,1.833492437947777,2.773699935749456,1.9114813548045069,1.2568996232272667
PTSD,0.303891900565732,0.35777701415114344,0.13971772081565115,0.29780205834078793,0.5426223956180086,1.0957711215161727,0.7799720020884023
SCZ,4.343840512592276,4.288317437720067,3.286900175592162,2.5535836432413355,4.243138841085924,3.5140188665542986,3.45534789568838
