,SUD,ALC,ATS,CAN,COC,NIC,OPI
ADHD,1.0273436334982788,0.8933475726832467,0.44831153751716796,2.578843303815395,0.7762431664222705,2.0835715015951406,1.2205864480478823
AN,4.878640711901613,5.140248166256849,2.8758866962046525,1.4912878161495764,4.834758548427904,1.8410507480824394,-0.4035227921946175
ASD,0.8264622264789035,0.7459833104183478,-0.6358787862319496,0.3922273675172981,0.9561077779775258,0.992206300438938,-0.0600224097247855
BD,4.374232680306323,4.499053721896652,3.697002189948566,2.819159092829747,4.099125576075478,3.4644223227037054,2.202865480208405
CHR,3.1870466278711675,3.1787860344141996,3.5485864435794037,3.399053033490772,3.4931323021988137,3.7060194403518625,1.526693628724084
MDD,0.6545576780227617,0.6827715009059108,1.5593288804604903,1.6768777108559902,1.117240299423081,1.9422641039778374,0.9980093995865165
OCD,0.7487585829409384,1.1182310417641308,1.9171395599266865,-0.12224183454758725,0.6765489232230686,-0.006514211977019394,-1.3843174823482005
PTSD,1.5754294104619118,1.5762964010220684,1.0324649975533677,1.4612588441701422,1.7188245532708637,2.0874620624411215,1.5713083485876
SCZ,4.474184169671219,4.502678537601569,3.462704199278267,2.340400686293571,4.455641500999767,3.504495219793979,3.0559989939781658
