,SUD,ALC,ATS,CAN,COC,NIC,OPI
ADHD,0.10584109706763062,-0.005388737999293426,0.4273380990147287,3.0618440847871744,0.24311126071706318,3.3528224581632635,1.1825783364548599
AN,3.719041746340193,3.719041746340193,2.2571676622390155,2.0276523660549826,3.719041746340193,2.794408201455529,-0.1701228691983486
ASD,-0.07337733952610234,0.010151003758057242,-1.121268046430186,-0.3388449628851782,0.6846724384196508,0.7601661355670523,-0.6862574988369133
BD,3.719041746340193,3.719041746340193,3.431641524827919,3.540110188513238,3.719041746340193,3.719041746340193,2.6783194993982082
CHR,3.719041746340193,3.719041746340193,3.540110188513238,3.719041746340193,3.719041746340193,3.719041746340193,2.3189460790234393
MDD,0.24853611846892826,0.35134776182229555,1.4662296211762031,1.8055228656991225,0.992881055074323,2.369789396250148,1.3951065820640103
OCD,2.7265843159342125,3.1946799156602337,3.090262003796006,1.9268798875117805,2.635588173490008,1.9252780630551292,1.2076620469610375
PTSD,0.2687511492221019,0.3335407596021264,0.12148149747643328,0.2651149538285114,0.5227620009462856,1.0490163728156672,0.7491702056229836
SCZ,3.719041746340193,3.719041746340193,3.3528224581632635,2.911268967455448,3.719041746340193,3.719041746340193,3.2905548642772864
