,SUD,ALC,ATS,CAN,COC,NIC,OPI
ADHD,0.4422142620132357,0.33274594150305875,0.01666818306857266,2.0496770050033732,0.28881529398300737,1.5398880619799065,0.77361908192223
AN,3.719041746340193,3.719041746340193,2.7703597995365734,1.4488292915642245,3.719041746340193,1.8290423734849375,-0.38946755518265846
ASD,0.4114645546940602,0.3604265871013544,-0.8289030240376356,0.0937503545333164,0.5602008229572862,0.6397305889388846,-0.26745210255323726
BD,3.719041746340193,3.719041746340193,3.431641524827919,3.540110188513238,3.719041746340193,3.540110188513238,2.1889958688096813
CHR,3.3528224581632635,3.2905548642772864,3.540110188513238,3.719041746340193,3.540110188513238,3.719041746340193,1.4736125461519323
MDD,1.559880509424377,1.561574921724442,2.0496770050033732,2.4276146998191113,1.9095251496673675,2.8781932821529694,1.4625679391496238
OCD,2.7478141734271873,3.1946799156602337,2.7478141734271873,1.7660213875568391,2.5828419527343858,1.8550181090211426,0.5888760789743958
PTSD,0.9373760745032911,0.9377650545337346,0.5236242003283647,0.9573984839360711,1.1156463525643732,1.581391187668765,1.1760471320328256
SCZ,3.719041746340193,3.719041746340193,3.238908639511618,2.8338188267434816,3.719041746340193,3.719041746340193,2.967768663301413
