,SUD,ALC,ATS,CAN,COC,NIC,OPI
ADHD,0.6351226908775115,0.4481476157819505,0.3713483162726597,4.086726619550417,0.5372843932192377,3.6713358023514573,1.5801705003084492
AN,5.687837122850616,6.116459962413261,3.8585414223964816,2.893841925396736,5.601279776636299,3.5874551621491753,0.43532719735430886
ASD,0.20366033617507792,0.23023462990050378,-1.706562591616009,-0.2932211101830849,0.8011273223930613,0.8862468820299884,-0.8646192515619961
BD,6.4415692601309,6.4415692601309,5.399728703683984,6.069026298719807,6.4415692601309,6.3382630770529875,3.995902171606546
CHR,5.35482493589036,5.1856003923553295,6.131650710897165,5.965424856849492,5.579262874472347,6.4415692601309,2.8074608019885883
MDD,2.1688651649741875,2.259687865055639,3.2694550032551972,3.9520930113028183,2.952547941417415,4.710746134122339,2.591812806570956
OCD,4.424462795596334,5.029881029572566,4.901807562350276,3.0420950309760566,4.220951010662649,3.174459217315267,1.376531364832461
PTSD,1.2393511278979705,1.2778834450603713,0.6714521337163752,1.2624755900974265,1.5916745182009737,2.4383116624138075,1.7913834863050724
SCZ,5.856987544424328,6.4415692601309,4.365396636936692,3.951694399184198,5.922617046197598,5.139637769653236,4.291081468077441
