,SUD,ALC,ATS,CAN,COC,NIC,OPI
ADHD,1.0172904446929116,0.9111696841954968,0.5256708648801965,2.3778622124392728,0.7832925586718789,1.8848320200987314,1.1675049603632237
AN,3.0968291080755304,3.5149191627423813,2.688520091800181,2.5872971463529395,3.1402077431493756,2.735164823533292,2.7359656459592494
ASD,0.7580459088110564,0.7128499551461006,-0.38802289359462017,0.4014754848032439,0.8740729477507608,0.8881384983579158,0.020667889942639562
BD,5.334224220419942,4.7365996299108,4.103849239308405,3.4081386064628827,5.0628160001795415,4.255678531095543,2.8394729965584142
CHR,2.692974038217194,2.4721139369376233,4.139280189679793,3.2118387000957314,2.9752723467478353,3.755399449501366,1.3524036230195797
MDD,1.0997396010077405,1.1838436646840564,1.7097361975765857,2.054295173049952,1.5158595288610186,2.3005775966495756,1.2019527654270439
OCD,-0.03037041014036856,0.19855773534058785,1.734760219541164,-0.6300114499837113,-0.09960206456518228,-0.49955004978808637,-1.5985001592313692
PTSD,1.4655398238045372,1.5682619122966432,0.5855451843037253,1.3198292960910312,1.6501523106413036,2.0104148749208037,1.532404446395046
SCZ,3.1732838546702036,4.486413231731232,1.623624831311607,1.4682030698130328,3.3238818494327798,1.9352403640802351,1.7246869805144338
