,SUD,ALC,ATS,CAN,COC,NIC,OPI
ADHD,0.11592847371041543,0.004386174928403938,0.4430435613839472,2.7065165135606257,0.24595195045227747,2.8070659793652184,1.2165443629862185
AN,3.7190417463402357,3.7190417463402357,2.4181780971035662,2.085804889193426,3.7190417463402357,3.011484117417135,-0.15742170481509896
ASD,-0.015164165854525818,0.06684471010219267,-1.0885047001687453,-0.2956161382282395,0.6499129926217087,0.7369481444183718,-0.7300600743785518
BD,3.7190417463402357,3.7190417463402357,3.121418592884006,2.8781932821529694,3.238908639511612,3.290554864277271,3.0357025193167013
CHR,3.5401101885132817,3.5401101885132817,3.238908639511612,3.194679915660236,3.4316415248279633,3.5401101885132817,2.582841952734388
MDD,0.25293302598698125,0.3516143694975009,1.6009451822391214,1.6636100561852232,1.0871459738892406,1.991778552555253,1.4654957119308696
OCD,2.7265843159342102,2.8781932821529694,2.947873465608017,1.848060849277194,2.7478141734271935,1.9448351633554846,1.2175956659509595
PTSD,0.31241582193526723,0.36283475585126745,0.16554739489324907,0.29718749593474525,0.5552230191360715,1.0844345251217762,0.772267509723827
SCZ,3.4316415248279633,3.4316415248279633,3.352822458163233,2.7703597995365756,3.4316415248279633,3.352822458163233,3.238908639511612
