,SUD,ALC,ATS,CAN,COC,NIC,OPI
ADHD,2.848985131245653,2.9668554736421813,2.498061609057233,2.136605005327345,2.0904173025866424,2.33024233893746,2.592720703890649
AN,3.2081325869564163,3.4299641928254827,2.2722739065918494,2.624249274660141,2.496735361904067,2.941065939520725,2.437448932897801
ASD,2.849405345730146,3.0778028102332926,2.0062724763066924,1.9666965072082296,1.8819938936956355,2.292059087300935,2.5990864084516567
BD,3.3872858972560405,3.4110604460818923,2.8230780947385146,3.4441881706064086,3.1950484417114766,3.4102670725510853,2.2361934355582456
CHR,3.0586235036681075,3.0667940997958256,1.829423149197458,3.017040452104445,2.5844929861264654,3.0130780271673117,1.5564274299560144
MDD,3.2083790038765847,3.056560991176033,2.560900939059737,3.4116723583926305,3.0909220615716277,3.2057377398056675,1.6849889842774035
OCD,1.9394859410068812,1.8784934483489315,1.0641912809681064,2.3775626363377254,1.8869997822430111,1.8714269345986085,-0.07315277413275148
PTSD,2.9825917734659075,2.930138546276625,1.9739212284832424,3.067142992917066,2.6316645773695075,2.7770010598111043,1.3957650452443118
SCZ,2.8027010370817274,2.778854100152864,1.8501026624647003,2.974911504199555,2.6585983781794904,2.7058527978569877,1.1485344695997277
