,SUD,ALC,ATS,CAN,COC,NIC,OPI
ADHD,-0.7790395721857122,-0.9404918982116852,-0.5945492898323425,-0.8640485078083181,-1.0551190884859567,-1.2081819001621306,-1.1255076847964394
AN,1.5991421491784568,2.3615609502834873,-1.758913859281474,1.6333768585140718,0.8274903241351163,1.6082098753002048,-2.175441595685242
ASD,-0.07714757120865011,-0.061821565551792086,-1.1891603791434529,-0.6859403489177859,-0.9200162957585118,-0.7186562195084427,-0.5710832596052755
BD,3.1946799156602337,2.1037935424158265,1.7169330746368825,3.3528224581632635,2.911268967455448,3.238908639511618,-1.0216020161271668
CHR,1.0211797531057167,0.8549826661509513,-0.25940798687109184,3.0357025193167066,1.734712614576095,2.2904058588053733,-0.7766653001167102
MDD,2.4421880491253147,0.767548069692674,0.7491702056229836,3.3528224581632635,2.9290808298360225,2.8338188267434816,-0.9346571750291445
OCD,0.15894446401558301,-0.007644526247925771,-0.4566325120316264,1.195794347428278,0.4806898777693124,0.27837836215081796,-1.383918662355398
PTSD,0.9479288367947409,0.47675492515000206,-0.08217626253329063,2.967768663301413,1.9079756729888593,1.172551016308891,-1.1685729239176443
SCZ,0.6695421774715584,0.32798142469633346,-0.14981330899168818,2.9889128208371964,2.0858048891934273,1.0271081041041936,-1.143153890857822
