,SUD,ALC,ATS,CAN,COC,NIC,OPI
ADHD,-0.8021883367735445,-0.7745727462698049,-0.2896335533602955,-0.8832571651472841,-0.8696917283391686,-1.5909722717331918,-1.1165937226050635
AN,2.039417386035051,2.9293490670135878,-1.8194378301488927,1.816224770092822,0.9925674700058968,1.805299283659139,-2.755328386135901
ASD,0.19042995987367145,0.4430542035803066,-1.7427069763234089,-0.6724161301099681,-0.8767597541347727,-0.7257156239903565,-0.7132410330678667
BD,5.482190590752303,3.6986022022853775,2.4837315165240796,5.675722498570857,5.096326114234931,5.609954324707912,-1.0297481832416702
CHR,2.844517096777892,2.5700588713669976,-0.0013391517626438144,4.602611236283887,3.442627913358589,3.780457082535938,-1.2207124213923843
MDD,3.7842276252313374,2.7098051608352485,2.6889816406773446,5.573461436436905,5.184363076023077,4.571446943061755,-0.9873350981956762
OCD,1.950493219255473,2.2056142050244882,-0.39720977459546203,3.533230167869578,1.7010152106222571,1.9490421171231556,-2.444088192228586
PTSD,2.784851609437774,2.2121515150541504,0.7940987198737767,5.151699963959663,3.9015090803336636,3.0902279499343415,-1.5647809748191066
SCZ,2.637539268191395,2.439199387205083,0.6801254701677745,4.532741980404037,3.112691561515174,2.8199607504983857,-1.3125939156941195
