,SUD,ALC,ATS,CAN,COC,NIC,OPI
ADHD,0.8072736220125074,1.1215826444892796,0.47138616138218375,0.21238850457415984,-0.20683309847081463,-0.31614469391302774,-0.2085902745798709
AN,2.787694457047537,4.246968208445991,-1.6966075110042562,2.4568712014596676,1.6651097102820085,2.62134511042362,-3.841375532772509
ASD,1.0569658980362229,1.860349504549363,-1.6666690057191555,-0.33175980082045753,-0.9656903577386179,-0.38531524436180214,-0.5382293644519687
BD,5.7353584221130305,5.128371433309867,2.7216721400769406,6.4415692601309,6.131650710897165,6.0064018865424496,-0.9706487534937654
CHR,4.890301109502148,5.3407702372326415,-0.10315225715997238,4.658384385763377,3.75686119523965,4.676835018051167,-2.1901960960256264
MDD,6.4415692601309,5.930485569208912,2.7478940810292767,6.4415692601309,6.131650710897165,6.4415692601309,-0.8025449697324886
OCD,4.805230001035181,6.4415692601309,1.046021813563171,4.602631049379553,3.21993416674499,3.6875237562075576,-2.451314519784236
PTSD,5.29698075742242,5.655669497289263,1.5108531768054847,4.8332483968316815,3.7257733756588474,4.136445407001046,-1.1099653699618475
SCZ,5.41277650879732,5.957751915500748,1.6032414802894375,5.252195986070638,4.007430849489692,4.46087163675856,-1.6112002271396688
