,SUD,ALC,ATS,CAN,COC,NIC,OPI
ADHD,0.643733866121603,0.6502225993260032,0.48125262051346246,0.1828515382842373,-0.033717166671734584,-0.17368403044891065,-0.19050285206192788
AN,1.4367644970400482,2.1835259471605153,-1.1226790172829395,1.298893146700679,0.7899498715587281,1.3576255174754654,-2.413539389273263
ASD,0.6372721240477147,0.9358215705465335,-1.0007073702189144,-0.306631219908843,-0.6138021665757685,-0.4005776181851533,-0.33539615587283267
BD,3.2905548642772864,3.0618440847871744,1.5506403313453239,3.719041746340193,3.540110188513238,3.431641524827919,-0.671111054822171
CHR,2.9290808298360225,3.2905548642772864,0.060314932078137255,2.8338188267434816,2.2539775515834726,2.7065165135606253,-1.3420430369285303
MDD,3.719041746340193,3.719041746340193,1.4939584434273157,3.719041746340193,3.540110188513238,3.719041746340193,-0.6692285997874085
OCD,2.7703597995365734,3.719041746340193,0.6375792212970844,2.6120883262961274,1.7472617728739923,1.918919672448231,-1.4840855681476315
PTSD,3.155935924680208,3.3528224581632635,0.7366193496107397,2.782182904774036,2.0814114626615776,2.3044413655956957,-0.7947527789634948
SCZ,3.090262003796006,3.540110188513238,0.7658666953646202,2.9290808298360225,2.1060906328352056,2.283553925382761,-0.9998806635287564
