,SUD,ALC,ATS,CAN,COC,NIC,OPI
ADHD,-0.7379350072653296,-0.8596880860799087,0.3837956842847439,-0.43917609266004415,-0.01315886233893464,-1.1840927180697867,-1.0821810597254984
AN,-0.36765742913239075,-0.2168603629474881,-0.5942502238391468,-0.34681923272738696,-0.43448868918572353,-0.3505480885302474,-0.724835189673093
ASD,-0.07765035046258241,-0.29771144475531536,-0.7631809898237564,-0.530247407052124,-0.16326096271584428,-0.6474383766856939,-0.4569107088599724
BD,3.0618440847871744,1.0634647494169713,0.66609643189469,3.238908639511618,2.794408201455529,3.238908639511618,-0.39190218706174906
CHR,0.9577949159039001,0.5607873581831072,0.7465181618505687,2.266878315530339,2.1945320803434205,1.5204928225713843,-0.22482195168743685
MDD,1.0220244613850715,0.5731496893230652,1.8606492809950965,2.947873465608009,2.9290808298360225,1.731337084581642,-0.6241230987002142
OCD,0.325073443436248,0.2877702027327397,-0.8542604352406887,1.8882372988402372,0.1986765759455728,0.3708772948638853,-1.5857822165454691
PTSD,0.7541570494074493,0.3870352296628419,0.20507151861502332,2.8338188267434816,2.1889958688096813,1.268611832491352,-1.2319220541841132
SCZ,0.7041299263337393,0.7408999190535328,-0.058055237477502464,1.7060906621427603,0.4427670944318692,0.821504671792366,-0.48350511854362427
