,SUD,ALC,ATS,CAN,COC,NIC,OPI
ADHD,0.1113877557772024,0.6421929264908868,-0.14575906911683525,0.00012531888217140496,-0.28855399164024076,-0.20021061150285385,0.01742020560240105
AN,1.954899441504372,2.9889128208371964,-0.6932523749964656,1.6576394551795772,1.3041548752672751,1.8250518804750278,-1.8263788151674245
ASD,0.554638300987773,1.351353125163845,-0.8820269681206596,0.04073990339999467,-0.44138526665839634,0.13512790321950388,-0.26303870370854077
BD,3.3528224581632635,2.7589117130031653,1.6127937654673319,3.719041746340193,3.540110188513238,3.540110188513238,-0.33804872804327146
CHR,2.6120883262961274,2.669375673884048,-0.29954591045178997,2.386744499642317,1.999119363972067,2.6874828427606774,-1.106354426956572
MDD,3.719041746340193,2.8338188267434816,1.7708097697296818,3.719041746340193,3.540110188513238,3.719041746340193,-0.05127788567653019
OCD,2.782182904774036,3.719041746340193,0.5366044843225828,2.7478141734271873,2.0814114626615776,2.549139154972258,-1.2776301573023379
PTSD,2.8627679492098896,3.090262003796006,1.1436357657824643,2.8070659793652224,2.2904058588053733,2.5556508764693446,-0.33301085748891573
SCZ,3.1946799156602337,3.238908639511618,1.2465058520191739,3.238908639511618,2.7265843159342125,3.155935924680208,-0.7892652296407616
