,SUD,ALC,ATS,CAN,COC,NIC,OPI
ADHD,0.13088610062997846,0.6775424693537051,-0.16335099986411566,0.0028115988453238537,-0.3104345348153774,-0.21824486970244783,0.01872186134338491
AN,2.0130694975393433,2.767134010163806,-0.7805566964756262,1.7316258705827217,1.382538917289548,1.8772697260971485,-1.9090116336167184
ASD,0.5987608318283455,1.4009326114960734,-0.9253338794850834,0.05954456141686665,-0.4573270628920921,0.1528220486591755,-0.25503681450520105
BD,3.047008479766069,2.627488740864674,1.7150181048798023,3.314531163135959,3.0569902373850786,3.190158711715612,-0.37481138203854103
CHR,2.4624940259024086,2.6045109906566357,-0.3359354677586894,2.3094242350993786,1.928862220801959,2.564003041676652,-1.2447070245089207
MDD,3.2173020569167963,2.697220759385335,1.8959578982091336,3.3800321054384486,3.1717972532638767,3.2708801066450843,-0.036341411321598335
OCD,2.7210790405284047,3.193578717665496,0.5817668417657681,2.6510648981891,2.141916583717816,2.532097551525206,-1.364282433895096
PTSD,2.705058775833676,2.8582659618206474,1.236954208879171,2.7074874232314614,2.297057470347039,2.528907411317145,-0.4035066753723922
SCZ,2.909769718398437,3.0013990159639246,1.32543425405355,3.050525754244181,2.6161745068903293,2.7689973074077523,-0.8036986271278507
