,SUD,ALC,ATS,CAN,COC,NIC,OPI
ADHD,0.6431173070370106,0.6502225993260032,0.4809712301021773,0.18489082369961102,-0.03597427692637225,-0.17368403044891065,-0.18820630707755243
AN,1.4367644970400482,2.1835259471605153,-1.1226790172829395,1.298893146700679,0.7899498715587281,1.3576255174754654,-2.413539389273263
ASD,0.6388082122309156,0.9350451660047062,-1.004021058966307,-0.308733514421115,-0.6174373307484862,-0.40193586519980934,-0.3338057457749425
BD,3.2905548642772864,3.0618440847871744,1.5506403313453239,3.719041746340193,3.540110188513238,3.431641524827919,-0.6720531744891578
CHR,2.9290808298360225,3.2905548642772864,0.06056602805717004,2.8479951109419055,2.2539775515834726,2.7065165135606253,-1.345133452970286
MDD,3.719041746340193,3.719041746340193,1.4947239490034987,3.719041746340193,3.540110188513238,3.719041746340193,-0.6695421774715584
OCD,2.7703597995365734,3.719041746340193,0.6375792212970844,2.6120883262961274,1.7484163382937101,1.918919672448231,-1.4840855681476315
PTSD,3.155935924680208,3.3528224581632635,0.7366193496107397,2.782182904774036,2.0814114626615776,2.3044413655956957,-0.7947527789634948
SCZ,3.090262003796006,3.540110188513238,0.7645231532794483,2.9290808298360225,2.1083988903656348,2.2869664708457935,-1.0015347614029035
