,SUD,ALC,ATS,CAN,COC,NIC,OPI
ADHD,-1.2565937667741904,-1.7518563676543586,-1.186973173871845,-1.5843095996230427,-1.381398576605612,-1.546474134941277,-1.242325880116427
AN,-3.8731184963561205,-3.0030624458583723,-4.858718842872897,-4.37119101037044,-4.783291829414229,-4.152296988471429,-4.617187597735742
ASD,-1.2212643797926155,-1.7980899581354735,-1.3285801934547303,-1.6202162434889036,-1.3420220333921662,-1.5405639994812137,-1.1805763646884924
BD,-0.7529709806948367,-1.4938757443141475,-1.0112672028184455,-0.5775707469861688,-0.7373776147077482,-0.7135693242683823,-1.4307558785584182
CHR,-1.402673410731329,-2.21655625880719,-1.1688166674204563,-1.2468573983346922,-0.8772300351391056,-1.3683308996927213,-1.5291831665868079
MDD,-1.3488433222483587,-2.2123303995240016,-0.9525184159947742,-1.0865720905504337,-0.6875019743168812,-1.2727856005651896,-1.4758609532504254
OCD,-1.7033100021816585,-2.436492841359648,-1.576579030957183,-1.4232250691790502,-1.2433984300482377,-1.7110874160639975,-2.1295587477519304
PTSD,-1.3166247860740006,-2.1365570423544376,-1.1747121490202197,-1.1449167086600633,-0.8656422018084253,-1.332202632620411,-1.6006888936612353
SCZ,-2.2109794946772747,-2.2121462112770547,-2.9383819014003816,-2.1122971682408127,-2.6264345964002827,-2.3135925964335744,-3.2696905219759116
