,SUD,ALC,ATS,CAN,COC,NIC,OPI
ADHD,0.12754362292008942,0.4585806335941352,-0.2909064244491447,-0.22662168571598845,-0.4380723095809382,-0.36337018984324915,0.2736916855574986
AN,2.3008898104059523,2.9290808298360225,-0.7981946799101342,1.859235953979186,1.3261756530409181,1.86920829539537,-1.8720919709658037
ASD,0.48463228745573406,1.1269254014151633,-1.0661156567296668,0.051528854790600306,-0.43531518171866707,0.10911826359628811,-0.20737573885121086
BD,3.238908639511618,3.238908639511618,1.918919672448231,3.238908639511618,3.121418592883994,3.238908639511618,-0.37007196918740315
CHR,2.947873465608009,3.0357025193167066,-0.48942965387142134,2.669375673884048,2.0335617625723867,2.7370450614090944,-1.1128486834778921
MDD,3.090262003796006,3.3528224581632635,2.0476333356549996,3.3528224581632635,3.121418592883994,3.3528224581632635,-0.151334280441559
OCD,2.8943354481172303,3.540110188513238,0.6229054364099935,3.0357025193167066,2.266878315530339,2.7265843159342125,-1.2635840482182128
PTSD,3.121418592883994,2.967768663301413,1.2525240729650537,3.121418592883994,2.660640411530689,2.911268967455448,-0.30978517300209124
SCZ,3.1946799156602337,3.155935924680208,1.3858804163214469,3.155935924680208,2.8627679492098896,3.0357025193167066,-0.6468203422865478
