,SUD,ALC,ATS,CAN,COC,NIC,OPI
ADHD_ch,0.3467653234676532,0.37146285371462856,0.6354364563543645,0.3337666233376662,0.19008099190080993,0.18968103189681032,0.24627537246275372
ADHD_ado,0.8354164583541646,0.8927107289271073,0.6358364163583642,0.3671632836716328,0.766023397660234,0.5494450554944506,0.2675732426757324
ASD,0.48575142485751427,0.5377462253774623,0.7416258374162584,0.5187481251874813,0.3648635136486351,0.33056694330566944,0.5818418158184182
CD,0.5495450454954505,0.5408459154084592,0.5992400759924008,0.40585941405859416,0.4791520847915208,0.37996200379962003,0.22427757224277572
OCD,0.22157784221577842,0.18808119188081193,0.5692430756924307,0.534046595340466,0.14278572142785723,0.1790820917908209,0.3658634136586341
