,SUD,ALC,ATS,CAN,COC,NIC,OPI
ADHD_ch,0.11038896110388961,0.15378462153784622,0.5224477552244775,0.1578842115788421,0.023297670232976703,0.042995700429957005,0.3437656234376562
ADHD_ado,0.9674032596740326,0.9926007399260074,0.6858314168583142,0.5525447455254474,0.9716028397160283,0.7756224377562244,0.2440755924407559
ASD,0.553944605539446,0.6217378262173783,0.6693330666933307,0.6262373762623737,0.23937606239376064,0.2502749725027497,0.7018298170182982
CD,0.8046195380461953,0.7722227777222278,0.8697130286971303,0.5365463453654634,0.712028797120288,0.591940805919408,0.11188881111888811
OCD,0.05499450054994501,0.05349465053494651,0.31326867313268675,0.22697730226977303,0.018598140185981403,0.045295470452954706,0.49095090490950904
