,SUD,ALC,ATS,CAN,COC,NIC,OPI
ADHD_ch,0.5834416558344165,0.6042395760423958,0.7814218578142186,0.5522447755224478,0.36236376362363765,0.36546345365463456,0.38236176382361764
ADHD_ado,0.752024797520248,0.8337166283371663,0.5500449955004499,0.28347165283471654,0.6647335266473353,0.45095490450954906,0.2278772122787721
ASD,0.41615838416158385,0.47325267473252675,0.7071292870712929,0.458054194580542,0.29427057294270575,0.2755724427557244,0.5247475252474753
CD,0.007099290070992901,0.007499250074992501,0.029097090290970903,0.003999600039996,0.004399560043995601,0.0038996100389961006,0.0014998500149985001
OCD,0.255974402559744,0.21927807219278073,0.6068393160683931,0.5734426557344265,0.1690830916908309,0.21907809219078092,0.39936006399360063
