,SUD,ALC,ATS,CAN,COC,NIC,OPI
ADHD_ch,0.6034396560343965,0.6274372562743725,0.7582241775822418,0.5602439756024398,0.38976102389761025,0.37396260373962603,0.39086091390860916
ADHD_ado,0.644935506449355,0.7594240575942406,0.44595540445955406,0.24697530246975302,0.5760423957604239,0.384961503849615,0.2101789821017898
ASD,0.4714528547145285,0.518048195180482,0.7805219478052194,0.521947805219478,0.3407659234076592,0.32556744325567444,0.5925407459254075
CD,0.0017998200179982,0.0006999300069993001,0.06029397060293971,0.0014998500149985001,0.0007999200079992001,0.0020997900209979003,0.00029997000299970003
OCD,0.31196880311968805,0.29247075292470753,0.5911408859114089,0.6021397860213978,0.22087791220877911,0.2440755924407559,0.416958304169583
