,SUD,ALC,ATS,CAN,COC,NIC,OPI
ADHD_ch,0.37966203379662034,0.42575742425757424,0.583041695830417,0.3491650834916508,0.22597740225977403,0.20077992200779923,0.26107389261073893
ADHD_ado,0.7452254774522548,0.8367163283671633,0.518048195180482,0.3231676832316768,0.6746325367463254,0.47025297470252975,0.24777522247775222
ASD,0.5512448755124487,0.5901409859014098,0.8243175682431757,0.5908409159084091,0.42815718428157185,0.41055894410558946,0.6576342365763423
CD,0.5264473552644735,0.5047495250474953,0.6201379862013798,0.38296170382961703,0.45035496450354967,0.36326367363263673,0.20577942205779423
OCD,0.31366863313668636,0.3093690630936906,0.5353464653534646,0.5902409759024098,0.22927707229277072,0.22697730226977303,0.40615938406159385
