,SUD,ALC,ATS,CAN,COC,NIC,OPI
ADHD_ch,0.8609139086091391,0.7103289671032896,0.6474352564743525,0.8952104789521048,0.9227077292270773,0.9232076792320768,0.3347665233476652
ADHD_ado,0.0524947505249475,0.0974902509749025,0.019598040195980403,0.0341965803419658,0.044995500449955005,0.0463953604639536,0.3076692330766923
ASD,0.9962003799620038,0.9751024897510249,0.9129087091290871,0.9991000899910009,0.9991000899910009,0.9989001099890011,0.25997400259974
CD,0.033396660333966606,0.014898510148985102,0.5112488751124887,0.029997000299970003,0.12658734126587343,0.042495750424957505,0.9366063393660634
OCD,0.8609139086091391,0.7103289671032896,0.6474352564743525,0.8952104789521048,0.9227077292270773,0.9232076792320768,0.3347665233476652
