,SUD,ALC,ATS,CAN,COC,NIC,OPI
ADHD_ch,0.5525447455254474,0.5371462853714628,0.37406259374062595,0.7050294970502949,0.767023297670233,0.8357164283571643,0.47595240475952405
ADHD_ado,0.007099290070992901,0.014998500149985002,0.013298670132986702,0.004399560043995601,0.014698530146985302,0.018198180181981802,0.516048395160484
ASD,0.9816018398160185,0.989001099890011,0.8042195780421958,0.9984001599840016,0.9932006799320068,0.9976002399760024,0.0801919808019198
CD,0.025997400259974,0.0150984901509849,0.49205079492050796,0.023797620237976203,0.1262873712628737,0.0547945205479452,0.9438056194380562
OCD,0.5525447455254474,0.5371462853714628,0.37406259374062595,0.7050294970502949,0.767023297670233,0.8357164283571643,0.47595240475952405
