,SUD,ALC,ATS,CAN,COC,NIC,OPI
ADHD_ch,0.5521447855214479,0.538046195380462,0.3718628137186281,0.7048295170482952,0.7668233176682332,0.8356164383561644,0.47495250474952505
ADHD_ado,0.0071992800719928,0.014998500149985002,0.013398660133986601,0.004399560043995601,0.014598540145985401,0.018198180181981802,0.516048395160484
ASD,0.9811018898110189,0.989001099890011,0.804019598040196,0.9984001599840016,0.9931006899310069,0.9976002399760024,0.0800919908009199
CD,0.025997400259974,0.0150984901509849,0.49205079492050796,0.023897610238976102,0.1260873912608739,0.0547945205479452,0.9438056194380562
OCD,0.5521447855214479,0.538046195380462,0.3718628137186281,0.7048295170482952,0.7668233176682332,0.8356164383561644,0.47495250474952505
