,SUD,ALC,ATS,CAN,COC,NIC,OPI
ADHD_ch,0.3905609439056094,0.36666333366663334,0.23817618238176183,0.4410558944105589,0.38996100389961,0.3685631436856314,0.3875612438756124
ADHD_ado,0.35576442355764426,0.23897610238976102,0.4497550244975502,0.252974702529747,0.42015798420157985,0.38966103389661033,0.2116788321167883
ASD,0.4831516848315168,0.46795320467953205,0.21737826217378262,0.48125187481251874,0.34836516348365165,0.32826717328267174,0.41435856414358563
CD,0.0013998600139986002,0.0007999200079992001,0.06209379062093791,0.0008999100089991,0.0006999300069993001,0.0012998700129987,0.00019998000199980003
OCD,0.24847515248475152,0.38906109389061094,0.11678832116788321,0.35706429357064295,0.42405759424057593,0.3134686531346865,0.0720927907209279
