,SUD,ALC,ATS,CAN,COC,NIC,OPI
ADHD_ch,0.12288771122887711,0.17898210178982102,0.46465353464653536,0.18088191180881913,0.023697630236976304,0.0481951804819518,0.3193680631936806
ADHD_ado,0.029597040295970403,0.006199380061993801,0.31316868313168683,0.45725427457254275,0.0244975502449755,0.2508749125087491,0.24547545245475452
CD,0.015598440155984402,0.0187981201879812,0.3594640535946405,0.0851914808519148,0.0245975402459754,0.024297570242975703,0.005099490050994901
OCD,0.09629037096290372,0.06939306069393061,0.3631636836316368,0.36836316368363164,0.09309069093090691,0.45945405459454053,0.056694330566943306
