,SUD,ALC,ATS,CAN,COC,NIC,OPI
ADHD_ch,0.3905609439056094,0.36666333366663334,0.23817618238176183,0.4410558944105589,0.38996100389961,0.3685631436856314,0.3875612438756124
ADHD_ado,0.35576442355764426,0.23897610238976102,0.4497550244975502,0.252974702529747,0.42015798420157985,0.38966103389661033,0.2116788321167883
CD,0.1110888911108889,0.08349165083491651,0.08549145085491451,0.23777622237776222,0.0750924907509249,0.1954804519548045,0.11758824117588242
OCD,0.24847515248475152,0.38906109389061094,0.11678832116788321,0.35706429357064295,0.42405759424057593,0.3134686531346865,0.0720927907209279
