,SUD,ALC,ATS,CAN,COC,NIC,OPI
ADHD_ch,0.4082591740825917,0.39016098390160986,0.21907809219078092,0.45115488451154884,0.36666333366663334,0.3611638836116388,0.38036196380361964
ADHD_ado,0.2546745325467453,0.16948305169483052,0.44415558444155584,0.2906709329067093,0.33056694330566944,0.45225477452254775,0.22967703229677033
CD,0.1346865313468653,0.11278872112788721,0.0791920807919208,0.25137486251374863,0.0943905609439056,0.20567943205679431,0.1311868813118688
OCD,0.1376862313768623,0.11158884111588842,0.39266073392660733,0.30416958304169583,0.43975602439756023,0.1850814918508149,0.0341965803419658
