,SUD,ALC,ATS,CAN,COC,NIC,OPI
ADHD_ch,0.12288771122887711,0.17898210178982102,0.46465353464653536,0.18088191180881913,0.023697630236976304,0.0481951804819518,0.3193680631936806
ADHD_ado,0.029597040295970403,0.006199380061993801,0.31316868313168683,0.45725427457254275,0.0244975502449755,0.2508749125087491,0.24547545245475452
ASD,0.461053894610539,0.4106589341065893,0.35596440355964404,0.411958804119588,0.2703729627037296,0.27017298270172985,0.29447055294470553
CD,0.22627737226277372,0.2615738426157384,0.10528947105289471,0.44725527447255276,0.29957004299570045,0.41625837416258377,0.1202879712028797
OCD,0.0491950804919508,0.05449455054494551,0.3137686231376862,0.22867713228677133,0.019198080191980802,0.050794920507949204,0.46885311468853114
