,SUD,ALC,ATS,CAN,COC,NIC,OPI
ADHD_ch,0.4082591740825917,0.39016098390160986,0.21907809219078092,0.45115488451154884,0.36666333366663334,0.3611638836116388,0.38036196380361964
ADHD_ado,0.2546745325467453,0.16948305169483052,0.44415558444155584,0.2906709329067093,0.33056694330566944,0.45225477452254775,0.22967703229677033
ASD,0.42495750424957507,0.48695130486951305,0.291970802919708,0.45925407459254075,0.3023697630236976,0.2766723327667233,0.48025197480251974
CD,0.0057994200579942,0.0058994100589941,0.0306969303069693,0.0035996400359964,0.0034996500349965005,0.0040995900409959,0.0011998800119988001
OCD,0.1376862313768623,0.11158884111588842,0.39266073392660733,0.30416958304169583,0.43975602439756023,0.1850814918508149,0.0341965803419658
