Psychiatric_Disorder,Z_Stouffer
ADHD_ado,2.2932454325906493
OCD,0.20129618425848636
ADHD_ch,-0.13988022042134313
CD,-0.6820219987880759
ASD,-2.078035580563658
