Psychiatric_Disorder,Z_cosine
OCD,1.2181218224415011
CD,1.2118300515407863
ADHD_ch,-0.2788994797525227
ADHD_ado,-0.9562100897640734
