Psychiatric_Disorder,Z_euclidean
CD,1.3730733665739732
OCD,-0.726524786192127
ASD,-1.0804215719375911
ADHD_ado,-1.1461409211053426
ADHD_ch,-1.2320513231147843
