Psychiatric_Disorder,Z_euclidean
CD,1.4388783890147012
ADHD_ch,0.2794206731041765
OCD,-0.19152386059767348
ADHD_ado,-0.2014893343176235
