Psychiatric_Disorder,euclidean_value
ADHD_ado,-0.2920616373302047
CD,-0.304138126514911
ADHD_ch,-0.5202883815731426
OCD,-0.8958593639628935
