Psychiatric_Disorder,Mean_cosine_over_SUD
CD,0.7854012701393653
ADHD_ado,0.7461035589857711
ADHD_ch,0.6212069370098876
OCD,-0.4649656989240333
