Psychiatric_Disorder,Mean_Z_spearman_over_SUD
OCD,1.181402383359892
ADHD_ch,1.002577700167715
ASD,-0.03311443853567232
CD,-0.33397165148698055
ADHD_ado,-0.9904506369166164
