Psychiatric_Disorder,Z_euclidean
CD,2.9889128208371987
OCD,0.6792960401422635
ASD,0.042245025193680875
ADHD_ch,-0.27785732013557096
ADHD_ado,-0.36980358064774693
