Psychiatric_Disorder,Z_Stouffer
CD,3.5517845535134067
OCD,-0.07160883466328674
ADHD_ado,-1.0910122021044852
ADHD_ch,-1.1377092165514378
ASD,-2.0773758042442236
