Psychiatric_Disorder,Z_cosine
CD,2.643755738920536
OCD,0.7831200054857396
ASD,0.5927556900703217
ADHD_ch,0.3553495122002495
ADHD_ado,0.11996667211250592
