Psychiatric_Disorder,Z_cosine
CD,1.8706481887402298
OCD,0.27239090150902584
ADHD_ado,-0.14044150203737918
ASD,-0.5476363775983816
ADHD_ch,-0.7753105372109658
