Psychiatric_Disorder,Z_spearman
CD,0.8096646324286242
OCD,0.3283321057839814
ADHD_ch,0.02072422117388778
ADHD_ado,-0.06986043990411737
ASD,-1.879069227231542
