Psychiatric_Disorder,Z_cosine
CD,3.7190417463402357
ADHD_ch,1.6922887021395399
OCD,1.4863510833910314
ADHD_ado,-1.9686343028902862
