Psychiatric_Disorder,Z_cosine
CD,2.6968775604919224
ASD,0.5175969273507154
ADHD_ch,0.3407036809107089
OCD,0.1515878096281515
ADHD_ado,-0.4383482052660027
