Psychiatric_Disorder,Z_spearman
CD,1.3238837918045465
ADHD_ado,1.3027974578107926
ADHD_ch,-0.24707483434804997
OCD,-0.40352266926530983
ASD,-2.2665206959520785
