Psychiatric_Disorder,Z_euclidean
CD,0.8578760615976143
ADHD_ch,0.3356613066120595
ADHD_ado,0.28020260552082626
OCD,-0.4860421151868989
