Psychiatric_Disorder,Z_euclidean
CD,1.2113078997094462
OCD,0.6789803935890103
ADHD_ch,-0.24595195045227747
ADHD_ado,-0.36283475585126745
