Psychiatric_Disorder,Z_spearman
CD,2.0947144900902654
OCD,1.3261756530409181
ADHD_ch,1.1705596545676988
ADHD_ado,-1.87790647391343
