Psychiatric_Disorder,Mean_Z_cosine_over_SUD
CD,2.180379263005529
ADHD_ch,0.8491174314488804
OCD,0.6870243521116401
ADHD_ado,-0.8746001045789319
