Psychiatric_Disorder,Z_cosine
CD,0.670169530450054
ADHD_ado,0.5514257310455494
ADHD_ch,-0.12274406477776369
OCD,-0.5124456254804317
