Psychiatric_Disorder,Z_euclidean
CD,1.2207576781305205
OCD,0.6792960401422635
ADHD_ch,-0.27785732013557096
ADHD_ado,-0.36980358064774693
