Psychiatric_Disorder,Z_spearman
CD,1.3408104521250581
ADHD_ch,0.922314862930398
OCD,0.33831411581974996
ADHD_ado,-0.11592847371041543
