Psychiatric_Disorder,euclidean_value
CD,-0.24454038521274968
ADHD_ado,-0.2785677655436824
ADHD_ch,-0.46647615158762407
OCD,-0.7344276683241175
