Psychiatric_Disorder,Z_Stouffer
CD,3.8234925523978593
ADHD_ado,0.3689202279027129
OCD,-0.3006163895970753
ADHD_ch,-1.164271119521636
ASD,-2.382802758794705
