Psychiatric_Disorder,Z_spearman
CD,1.0883106526618644
OCD,0.7399728942025015
ADHD_ch,0.2610324337843304
ADHD_ado,-0.6421292047496988
ASD,-1.5745007261773352
