Psychiatric_Disorder,Z_euclidean
CD,0.9430701426441936
OCD,-0.9730235929057729
ADHD_ch,-1.5771310929108169
ASD,-1.6218088344918211
ADHD_ado,-1.8930714768993104
