Psychiatric_Disorder,Z_euclidean
CD,0.7041299263337393
ADHD_ado,0.6846724384196508
ADHD_ch,-0.15082725123217836
OCD,-0.3486830546012496
