Psychiatric_Disorder,Z_cosine
CD,3.993082793695009
ADHD_ado,2.016812053513317
OCD,1.9391957962185604
ADHD_ch,1.641351647804786
ASD,1.6043637946427376
