Psychiatric_Disorder,Z_euclidean
CD,3.5401101885132817
ADHD_ado,0.8006096468351893
ADHD_ch,0.2856809615417583
ASD,-0.21634718918141077
OCD,-1.4603803090423897
