Psychiatric_Disorder,spearman_value
CD,0.6064663746407032
ADHD_ado,0.4949835851846916
ADHD_ch,-0.4117196367963881
OCD,-0.6867339830490315
