Psychiatric_Disorder,spearman_value
CD,0.6474644353871897
ADHD_ado,0.4878156704971977
ADHD_ch,-0.4161584138167443
OCD,-0.6740725628688551
