Psychiatric_Disorder,Z_spearman
CD,2.378181493576573
ADHD_ch,1.9220891542382843
OCD,1.4788287816963557
ADHD_ado,-2.2476653001264237
