Psychiatric_Disorder,Z_cosine
CD,0.8176472412631831
ADHD_ch,0.355082552438604
ADHD_ado,0.1358867517207057
OCD,-0.9101114747892101
