Psychiatric_Disorder,Z_cosine
CD,1.5220873257986178
ADHD_ch,0.8658702052682233
ADHD_ado,0.8427646821457375
OCD,-2.008449564531085
