Psychiatric_Disorder,Mean_Z_euclidean_over_SUD
CD,1.1670186384834484
ADHD_ado,0.08447966716680229
OCD,-0.05028631228352972
ADHD_ch,-0.08261032667689887
