Psychiatric_Disorder,Z_euclidean
CD,1.381962219958667
OCD,0.28176698498358027
ADHD_ch,-0.3407036809107089
ADHD_ado,-0.7096000239367487
