Psychiatric_Disorder,Z_Stouffer
CD,2.305424801677096
OCD,0.9191292074078067
ADHD_ado,0.39879639765603736
ADHD_ch,0.32349494458940303
ASD,-2.9292817093863075
