Psychiatric_Disorder,Z_cosine
CD,2.1444505910839697
OCD,1.89122631059373
ADHD_ch,0.6363511926212486
ADHD_ado,-1.6881061145628444
