Psychiatric_Disorder,Z_euclidean
CD,2.14195901387197
OCD,1.89122631059373
ADHD_ch,0.6363511926212486
ADHD_ado,-1.687065068615631
