Psychiatric_Disorder,Z_spearman
OCD,0.3500150975441707
ADHD_ch,-0.08871668854459212
ASD,-0.36926688344942366
ADHD_ado,-0.48688847559014276
CD,-1.2519750868102677
