Psychiatric_Disorder,Z_euclidean
CD,1.3690523815044495
OCD,1.1911960182089931
ADHD_ado,0.12628030093688772
ADHD_ch,-0.7121815429156996
