Psychiatric_Disorder,Z_spearman
CD,1.7290976436006291
ADHD_ado,0.5766978491709731
ADHD_ch,0.2684913036740743
OCD,-1.7708097697296823
