Psychiatric_Disorder,Z_euclidean
CD,1.3813112465857809
OCD,0.2700506495730955
ADHD_ch,-0.31821089691876076
ADHD_ado,-0.6670353949105756
