Psychiatric_Disorder,Z_Stouffer
ADHD_ado,0.9867035872132528
ASD,0.9427950546776164
ADHD_ch,0.9301664715310625
OCD,0.4706611800124705
CD,-0.7783109838285042
