Psychiatric_Disorder,Z_euclidean
CD,1.2123525339777705
ADHD_ado,0.8023374855691846
ADHD_ch,0.274212128748468
OCD,-1.4886242532122973
