Psychiatric_Disorder,Z_spearman
OCD,0.3462869336883462
CD,0.3457547327489548
ADHD_ch,-0.08117036208061318
ADHD_ado,-0.4888646749692835
