Psychiatric_Disorder,Z_spearman
ADHD_ado,1.1129240738809343
OCD,0.04006578734188754
ADHD_ch,-0.3737650020101497
CD,-0.9157554670698859
ASD,-1.3190677063484524
