Psychiatric_Disorder,Z_euclidean
CD,1.2624631868316545
ADHD_ado,-0.7099954845556679
OCD,-0.800320191407996
ASD,-0.9410513162521715
ADHD_ch,-1.0784542018058076
