Psychiatric_Disorder,euclidean_value
CD,-0.31622776601683794
ADHD_ado,-0.35298725189445584
ADHD_ch,-0.5087238936790761
OCD,-0.9093536165870788
