Psychiatric_Disorder,Mean_Z_over_SUD
CD,3.0837741118034114
ADHD_ado,1.1066313523839184
OCD,-0.3430873041501058
ADHD_ch,-0.7762964320486996
ASD,-2.015114271830863
