Psychiatric_Disorder,Z_euclidean
CD,0.3550816140485388
ADHD_ado,-0.5890487352869579
OCD,-1.1484882235294207
ASD,-1.3841791322101809
ADHD_ch,-1.5089822772432426
