Psychiatric_Disorder,Mean_Z_cosine_over_SUD
CD,2.568098778685947
OCD,0.4165983290822277
ASD,0.11963558454669124
ADHD_ch,-0.058342275501703414
ADHD_ado,-0.11193544333617489
