Psychiatric_Disorder,Z_Stouffer
ADHD_ado,3.1549725653909753
CD,2.5659103269355787
ADHD_ch,-0.20889421090132915
OCD,-0.774348954724837
ASD,-3.9256299528681997
