Psychiatric_Disorder,Mean_Z_cosine_over_SUD
CD,1.0960598530067658
ADHD_ch,-0.05210462358737354
OCD,-0.0718906532160695
ADHD_ado,-0.09668098549581332
