Psychiatric_Disorder,cosine_value
ADHD_ado,0.8247216548650103
CD,0.8163203284907432
ADHD_ch,0.4906898709541473
OCD,-0.6565401628335255
