Psychiatric_Disorder,Z_cosine
CD,2.0355474380361227
OCD,0.9093532632664328
ADHD_ch,-0.15945213215450948
ADHD_ado,-0.6213846559768307
