Psychiatric_Disorder,spearman_value
CD,0.6792557421857667
ADHD_ado,0.4750350615286081
ADHD_ch,-0.32030269899666386
OCD,-0.6614974221286225
