Psychiatric_Disorder,Z_cosine
CD,2.643755738920536
ASD,0.5927556900703217
ADHD_ch,0.3553495122002495
ADHD_ado,0.11996667211250592
OCD,-0.8961681122073457
