Psychiatric_Disorder,Z_cosine
CD,1.314193421103236
ADHD_ch,0.3407036809107089
OCD,0.1515878096281515
ADHD_ado,-0.4383482052660027
