Psychiatric_Disorder,cosine_value
ADHD_ch,0.7126874315614697
CD,0.6141338871576384
ADHD_ado,0.5243804405848245
OCD,-0.041228576564826105
