Psychiatric_Disorder,Z_euclidean
CD,3.7190417463402357
ADHD_ch,1.6922887021395399
OCD,1.485595064258465
ADHD_ado,-1.9651657169108696
