Psychiatric_Disorder,Z_cosine
CD,0.821504671792366
ADHD_ch,0.3553495122002495
ADHD_ado,0.11996667211250592
OCD,-0.8961681122073457
