Psychiatric_Disorder,Z_euclidean
CD,1.5900972899790968
ASD,-0.6755506012415516
OCD,-0.6798959399879432
ADHD_ado,-0.8811107488043305
ADHD_ch,-1.0137536346236122
