Psychiatric_Disorder,Z_cosine
CD,3.7520534500112808
OCD,1.8789089029237809
ADHD_ado,1.6103413436363583
ADHD_ch,1.445623674421843
ASD,1.3242488092415061
