Psychiatric_Disorder,Mean_Z_euclidean_over_SUD
CD,1.1698341447066465
ADHD_ado,0.10568058767997941
OCD,-0.05962949843757378
ADHD_ch,-0.07074102829589801
