Psychiatric_Disorder,euclidean_value
ADHD_ado,-0.26981475126464083
CD,-0.3111269837220809
ADHD_ch,-0.38704004960727256
OCD,-0.6944811012547425
