Psychiatric_Disorder,Z_spearman
ADHD_ch,0.9120092967579995
OCD,0.7432104715008894
ADHD_ado,-0.10735349208765672
CD,-0.13259896760224155
ASD,-0.2225090766273501
