Psychiatric_Disorder,cosine_value
CD,0.9237032952121853
ADHD_ado,0.7631350124131888
ADHD_ch,0.7586771300867458
OCD,-0.4825420853620729
