Psychiatric_Disorder,spearman_value
CD,0.7119060773078314
ADHD_ado,0.38264951655295937
ADHD_ch,-0.15713879946698017
OCD,-0.6407154695770482
