Psychiatric_Disorder,Mean_Z_euclidean_over_SUD
CD,2.935710493339743
ADHD_ado,0.08447966716680229
ASD,-0.03545245412522236
OCD,-0.05028631228352972
ADHD_ch,-0.08261032667689887
