Psychiatric_Disorder,Mean_Z_cosine_over_SUD
CD,3.7776169778116944
OCD,1.8954586808162641
ADHD_ado,1.8291581506422807
ADHD_ch,1.5512611627337531
ASD,1.514041553741381
