Psychiatric_Disorder,Z_cosine
CD,3.0357025193167013
ADHD_ado,0.7399108925656536
ADHD_ch,0.3045302797253579
OCD,0.26303870370854077
ASD,-0.04952119142053112
