Psychiatric_Disorder,Z_spearman
CD,1.1217830745299133
ADHD_ado,0.7462433127687677
ADHD_ch,0.10567656698710531
OCD,0.10200438511094888
ASD,-1.5684705744636949
