Psychiatric_Disorder,Z_cosine
CD,3.0357025193167013
ADHD_ado,0.7399108925656536
ADHD_ch,0.3045302797253579
ASD,-0.04952119142053112
OCD,-1.8224076104602478
