Psychiatric_Disorder,Mean_Z_spearman_over_SUD
ADHD_ch,1.002577700167715
OCD,0.47287733663655146
ASD,-0.03311443853567232
CD,-0.33397165148698055
ADHD_ado,-0.9904506369166164
