Psychiatric_Disorder,Z_cosine
CD,1.1054304797299168
OCD,1.0962424142166216
ADHD_ch,-0.21840022753328908
ADHD_ado,-0.6623464332514845
