Psychiatric_Disorder,cosine_value
CD,0.8333486383157185
ADHD_ado,0.7636834472748616
ADHD_ch,0.5417958573712812
OCD,-0.6051343378506661
