Psychiatric_Disorder,Mean_euclidean_over_SUD
CD,-0.3313985223182055
ADHD_ado,-0.3585255077522458
ADHD_ch,-0.45658349384657854
OCD,-0.844029284779533
