Psychiatric_Disorder,Z_spearman
CD,2.079229729310022
OCD,1.4803265490202568
ADHD_ch,0.9192511862153157
ADHD_ado,-2.5005872112788796
