Psychiatric_Disorder,Z_Stouffer
CD,4.396113632235488
ADHD_ado,1.598115247612671
OCD,-0.6151665692196311
ADHD_ch,-0.9446539782090481
ASD,-2.4941652788904265
