Psychiatric_Disorder,Z_euclidean
CD,2.1037935424158283
ADHD_ch,1.7472617728739928
OCD,0.20200091558994282
ADHD_ado,-0.7362906344168182
