Psychiatric_Disorder,Z_spearman
OCD,1.613714621044989
CD,1.3741888489412293
ADHD_ch,0.7137974046661897
ADHD_ado,-1.743811979932412
