Psychiatric_Disorder,euclidean_value
CD,-0.48290785870598546
ADHD_ch,-0.5270673581241775
ADHD_ado,-0.546626014748658
OCD,-1.1017731163901214
