Psychiatric_Disorder,Z_spearman
CD,1.946498895266764
ADHD_ch,1.6267527473728944
OCD,0.0977789922120447
ADHD_ado,-0.6742537776917881
