Psychiatric_Disorder,Z_cosine
CD,2.404414832515452
OCD,2.0009715079764745
ADHD_ch,0.5672520555545214
ADHD_ado,-2.1248798427348756
