Psychiatric_Disorder,Mean_Z_spearman_over_SUD
CD,1.5795061232130243
ADHD_ch,0.87016274538402
OCD,0.5786893488501743
ADHD_ado,-1.0249715695381418
