Psychiatric_Disorder,Z_spearman
ADHD_ch,1.662610834333998
ASD,0.6122899082113423
OCD,0.10180921746798251
CD,-0.21147485884396175
ADHD_ado,-0.6717390683582131
