Psychiatric_Disorder,Z_cosine
CD,3.0137323789106136
ADHD_ado,1.8991331246886138
OCD,1.5129397254231787
ADHD_ch,1.141780462664676
ASD,1.1024423196155761
