Psychiatric_Disorder,Mean_spearman_over_SUD
CD,0.464478615458606
ADHD_ado,0.4446656368465473
ADHD_ch,-0.23783110209247166
OCD,-0.48023914360717684
