Psychiatric_Disorder,Z_cosine
CD,1.4112049820660133
OCD,0.2645957844951441
ADHD_ado,-0.10306899898725397
ADHD_ch,-0.7601661355670524
