Psychiatric_Disorder,Z_spearman
CD,1.1705596545676988
ADHD_ch,0.6520815506227144
OCD,0.4147401094115599
ADHD_ado,-0.07513664791871384
