Psychiatric_Disorder,Z_cosine
CD,2.1060906328352056
ADHD_ch,1.7472617728739928
OCD,0.20200091558994282
ADHD_ado,-0.7379350072653297
