Psychiatric_Disorder,Z_euclidean
CD,1.3748334613158641
OCD,1.1800603766704412
ADHD_ado,0.15387001283384036
ADHD_ch,-0.7073450681318861
