Psychiatric_Disorder,Z_Stouffer
CD,5.139322410401555
ADHD_ado,3.594143393240984
ADHD_ch,-1.1176611837179418
OCD,-1.2626746007483647
ASD,-3.517846172290928
