Psychiatric_Disorder,Z_Stouffer
CD,1.9066514828615764
ADHD_ado,1.2415778619737095
OCD,0.6135914997234947
ADHD_ch,0.23567730847041685
ASD,-2.88352616894583
