Psychiatric_Disorder,Z_spearman
CD,1.3709743191911956
ADHD_ch,0.9120092967579995
OCD,0.3361916789155857
ADHD_ado,-0.10735349208765672
