Psychiatric_Disorder,Z_Stouffer
ADHD_ado,2.032353722776795
CD,0.30720656510521904
OCD,-0.4132991694500856
ADHD_ch,-1.0505923338168308
ASD,-2.208696871877444
