Psychiatric_Disorder,Z_cosine
CD,1.1045074752228978
OCD,1.0907737203991454
ADHD_ch,-0.23202531960698805
ADHD_ado,-0.6598516020094777
