Psychiatric_Disorder,Z_euclidean
CD,0.7134740833182608
ADHD_ado,0.665158055776832
ADHD_ch,-0.14829268403430707
OCD,-0.36631694449258295
