Psychiatric_Disorder,Z_spearman
OCD,0.4507984944325077
CD,0.3588223025762038
ADHD_ch,-0.06960815059176483
ADHD_ado,-0.48181551570169956
