Psychiatric_Disorder,spearman_value
CD,0.7066736461939356
ADHD_ado,0.5333386009010834
ADHD_ch,-0.3632615727451866
OCD,-0.7466740412615168
