Psychiatric_Disorder,cosine_value
ADHD_ado,0.7802479030431966
ADHD_ch,0.6626251536293509
CD,0.6459083151000302
OCD,-0.3457479699325322
