Psychiatric_Disorder,Z_spearman
OCD,1.6027534349323114
ADHD_ch,0.9192511862153157
ASD,-0.22585028158840018
CD,-0.6385008741017963
ADHD_ado,-2.5005872112788796
