Psychiatric_Disorder,Z_spearman
CD,1.9721267366910555
ADHD_ch,1.662610834333998
OCD,0.10180921746798251
ADHD_ado,-0.6717390683582131
