Psychiatric_Disorder,Z_euclidean
CD,1.2854119329203484
ADHD_ado,-0.46562048748011436
ADHD_ch,-0.7875951548713841
OCD,-0.8287734083624735
ASD,-0.8405194041106256
