Psychiatric_Disorder,Z_euclidean
CD,2.0335617625723876
OCD,0.9093532632664328
ADHD_ch,-0.15843683683762394
ADHD_ado,-0.6201690656802189
