Psychiatric_Disorder,Z_cosine
CD,2.687482842760682
ADHD_ado,0.5514257310455494
ASD,0.10231311057474606
ADHD_ch,-0.12274406477776369
OCD,-0.1777566306050667
