Psychiatric_Disorder,Z_spearman
CD,2.5690090258082963
ADHD_ado,0.6887971889043452
ADHD_ch,0.4694666376553295
OCD,-1.5831439372653133
