Psychiatric_Disorder,Z_euclidean
CD,1.3310222744291043
ADHD_ch,0.5936522512288759
OCD,0.32771694849495386
ADHD_ado,0.1757199662136166
