Psychiatric_Disorder,spearman_value
OCD,0.2966359544348555
ADHD_ado,0.15281246137553164
ADHD_ch,0.12471687392864662
CD,-0.2247242079051936
