Psychiatric_Disorder,Z_cosine
OCD,1.2313869319941904
CD,1.2234020427222854
ADHD_ch,-0.26823147625323723
ADHD_ado,-0.9637595649194032
