Psychiatric_Disorder,Z_spearman
ADHD_ch,1.9827509043303537
CD,1.9668970519149789
OCD,1.3219602676585287
ADHD_ado,-1.9686343028902862
