Psychiatric_Disorder,Z_cosine
CD,2.5241197781417166
OCD,0.6406535102375512
ASD,0.18922687047334308
ADHD_ch,-0.23202531960698805
ADHD_ado,-0.6598516020094777
