Psychiatric_Disorder,Z_spearman
CD,2.4729934428560987
ADHD_ch,2.010336744092116
OCD,0.09274343536580812
ADHD_ado,-0.8374142402827189
