Psychiatric_Disorder,Z_spearman
CD,2.512179614125022
ADHD_ado,0.6837222274549288
ADHD_ch,0.4513534514593625
OCD,-1.61095614623644
