Psychiatric_Disorder,Z_cosine
CD,0.6570498165554949
ADHD_ado,0.5749228645019725
ADHD_ch,-0.12628030093688772
OCD,-0.49905842370158165
