Psychiatric_Disorder,Mean_Z_spearman_over_SUD
CD,0.5113853506696705
ADHD_ado,0.4585608048838097
OCD,0.2324240369682695
ADHD_ch,0.10261012577840903
ASD,-1.4480693606111625
