Psychiatric_Disorder,Z_cosine
CD,4.103268060323871
OCD,2.296713433922629
ASD,1.7461141965662603
ADHD_ch,1.67516135094974
ADHD_ado,1.587467902621817
