Psychiatric_Disorder,Z_spearman
ADHD_ado,0.8655211141314298
ADHD_ch,0.6177096694212019
OCD,0.33551191841043737
ASD,0.08561765398341449
CD,-0.29609367530474795
