Psychiatric_Disorder,Z_spearman
CD,0.35989172271914777
OCD,0.3500150975441707
ADHD_ch,-0.08871668854459212
ADHD_ado,-0.48688847559014276
