Psychiatric_Disorder,cosine_value
CD,0.7640004394067265
ADHD_ado,0.7583094139895392
ADHD_ch,0.47034514853815484
OCD,-0.6102938545590828
