Psychiatric_Disorder,euclidean_value
CD,-0.28548204847240394
ADHD_ado,-0.3336165463522455
ADHD_ch,-0.41218927691049895
OCD,-0.8988236757006348
