Psychiatric_Disorder,Z_spearman
OCD,2.070600339893505
ADHD_ch,1.9827509043303537
ASD,0.6116853969145427
CD,-0.525637515062243
ADHD_ado,-1.9686343028902862
