Psychiatric_Disorder,Z_cosine
CD,3.957950141214675
ADHD_ado,2.5208593900952687
ADHD_ch,1.1671580491872557
OCD,1.131854858079636
ASD,0.9184965463645491
