Psychiatric_Disorder,Z_euclidean
CD,0.8567901978027663
ADHD_ch,0.3476178656320221
ADHD_ado,0.3190019586954573
OCD,-0.5010465446810566
