Psychiatric_Disorder,Z_Stouffer
CD,3.418849961445419
ADHD_ado,0.762628287279059
OCD,0.3495739218948578
ADHD_ch,-0.1366098818092428
ASD,-2.040387034967029
