Psychiatric_Disorder,Z_Stouffer
CD,1.2449932333069977
ADHD_ado,1.2128794950158843
OCD,0.41302183424319505
ADHD_ch,0.30156921488750943
ASD,-2.7829097674947194
