Psychiatric_Disorder,Z_Stouffer
CD,0.9496491075249351
ASD,0.615474018248717
ADHD_ado,0.4812707899796924
ADHD_ch,0.11742268928523922
OCD,-0.08781948726715533
