Psychiatric_Disorder,Z_cosine
CD,1.3310222744291043
ADHD_ch,0.5942502238391468
OCD,0.32771694849495386
ADHD_ado,0.17597450923190672
