Psychiatric_Disorder,Z_spearman
OCD,1.3029824831146488
ADHD_ch,1.1606717304256011
ASD,-0.0977789922120447
CD,-0.7511627010580597
ADHD_ado,-1.8867490971154819
