Psychiatric_Disorder,Z_spearman
CD,2.053790215089458
OCD,1.499335484130162
ADHD_ch,0.9089743534821862
ADHD_ado,-2.4372725640383615
