Psychiatric_Disorder,Z_euclidean
CD,1.4481137472211578
ADHD_ch,0.3053179742833266
ADHD_ado,-0.19024763099643419
OCD,-0.20814405640096015
