Psychiatric_Disorder,Z_Stouffer
CD,2.1822119508643256
ADHD_ado,2.065198412660037
ADHD_ch,0.02215003735537775
OCD,-0.008406581770648108
ASD,-3.0063992261883374
