Psychiatric_Disorder,Z_spearman
OCD,1.7708097697296823
CD,1.572699476372739
ADHD_ch,0.5939512109865269
ADHD_ado,-2.3656551519759974
