Psychiatric_Disorder,Z_cosine
CD,3.4912426665163383
ASD,2.099772841305038
ADHD_ch,2.0377938690138073
OCD,2.0259067398981365
ADHD_ado,1.9232192302985038
