Psychiatric_Disorder,Mean_Z_over_SUD
ADHD_ado,1.6219105360715063
CD,1.2492655447184278
OCD,0.2621349098785669
ADHD_ch,0.20918336364444245
ASD,-2.3804267643956334
