Psychiatric_Disorder,cosine_value
CD,0.9003939872925146
ADHD_ado,0.8082470407297762
ADHD_ch,0.7116279669280643
OCD,-0.5132729053655273
