Psychiatric_Disorder,Z_euclidean
CD,3.121418592884006
ADHD_ado,0.665158055776832
ASD,-0.04701189192317594
ADHD_ch,-0.14829268403430707
OCD,-0.24853611846892826
