Psychiatric_Disorder,Z_spearman
OCD,0.48460383719343947
CD,0.4479044456373785
ADHD_ch,0.33396782544053755
ADHD_ado,-0.1055706797514402
ASD,-1.6144742480884513
