Psychiatric_Disorder,Z_euclidean
CD,1.1871296558599274
ADHD_ado,0.8006096468351893
ADHD_ch,0.2856809615417583
OCD,-1.4603803090423897
