Psychiatric_Disorder,Mean_Z_euclidean_over_SUD
CD,2.179411499706228
ADHD_ch,0.8492291467451906
OCD,0.6869163493784163
ADHD_ado,-0.8735836685712941
