Psychiatric_Disorder,Z_euclidean
CD,1.3686218652520346
ADHD_ado,-0.25454237402145447
ASD,-1.3432394407528805
ADHD_ch,-1.4597612623524916
OCD,-1.4993294763091438
