Psychiatric_Disorder,Z_spearman
CD,2.1545523616443685
OCD,1.3029824831146488
ADHD_ch,1.1606717304256011
ADHD_ado,-1.8867490971154819
