Psychiatric_Disorder,spearman_value
ADHD_ado,0.5860245618857596
CD,0.1243082404000096
ADHD_ch,-0.12095346675398495
OCD,-0.2486164808000192
