Psychiatric_Disorder,Z_euclidean
CD,3.011484117417135
OCD,0.6894328055691298
ASD,0.44470307534999387
ADHD_ch,0.3356613066120595
ADHD_ado,0.28020260552082626
