Psychiatric_Disorder,Z_cosine
CD,2.5181048224298386
OCD,0.7534910550064652
ASD,0.032714062376625205
ADHD_ch,-0.2788994797525227
ADHD_ado,-0.9562100897640734
