Psychiatric_Disorder,Z_euclidean
CD,3.1559359246802154
OCD,0.28176698498358027
ASD,-0.08041599069161605
ADHD_ch,-0.3407036809107089
ADHD_ado,-0.7096000239367487
