Psychiatric_Disorder,Mean_Z_spearman_over_SUD
CD,1.7379771957730465
ADHD_ch,0.9941130664279193
OCD,0.4773499106792198
ADHD_ado,-0.982734005679805
