Psychiatric_Disorder,euclidean_value
ADHD_ch,-0.374299345444258
CD,-0.3753664875824692
ADHD_ado,-0.4360045871318328
OCD,-0.6734864512371426
