Psychiatric_Disorder,Z_euclidean
CD,3.194679915660236
ASD,0.3897379555980234
ADHD_ch,0.2794206731041765
OCD,-0.19152386059767348
ADHD_ado,-0.2014893343176235
