Psychiatric_Disorder,Z_cosine
CD,1.1207982185741239
ADHD_ado,0.7399108925656536
ADHD_ch,0.3045302797253579
OCD,-1.8224076104602478
