Psychiatric_Disorder,Z_cosine
CD,1.3053290627311231
ADHD_ch,0.3647092311000068
OCD,0.1467724018970323
ADHD_ado,-0.4155596924786248
