Psychiatric_Disorder,Z_spearman
CD,1.173548443069706
ADHD_ado,0.6887971889043452
ADHD_ch,0.4694666376553295
ASD,-0.5403711409983727
OCD,-1.5831439372653133
