Psychiatric_Disorder,Mean_Z_spearman_over_SUD
CD,1.7818115638970096
ADHD_ch,1.002577700167715
OCD,0.47287733663655146
ADHD_ado,-0.9904506369166164
