Psychiatric_Disorder,Z_spearman
ADHD_ch,1.9600067572635078
CD,1.872091970965803
OCD,1.3445143420997572
ADHD_ado,-1.9686343028902862
