Psychiatric_Disorder,Z_cosine
CD,1.4105268920464207
OCD,0.27239090150902584
ADHD_ado,-0.14044150203737918
ADHD_ch,-0.7753105372109658
