Psychiatric_Disorder,Z_cosine
CD,4.131989354010073
OCD,2.4826913092479264
ASD,1.802852368454001
ADHD_ch,1.7499590850941642
ADHD_ado,1.246274009642086
