Psychiatric_Disorder,Z_spearman
ADHD_ch,1.9827509043303537
OCD,1.3219602676585287
ASD,0.6116853969145427
CD,-0.525637515062243
ADHD_ado,-1.9686343028902862
