Psychiatric_Disorder,Z_euclidean
CD,1.5220873257986178
ADHD_ch,0.8662348896357794
ADHD_ado,0.8427646821457375
OCD,-2.008449564531085
