Psychiatric_Disorder,Z_cosine
CD,1.1523553459793439
ADHD_ado,0.757158174943395
ADHD_ch,0.28855399164024076
OCD,-1.8330622066246836
