Psychiatric_Disorder,Mean_Z_euclidean_over_SUD
CD,1.1682599140356913
ADHD_ado,-0.848504318307597
OCD,-0.9509079455278396
ASD,-1.1266814715709745
ADHD_ch,-1.236818420988877
