Psychiatric_Disorder,Z_spearman
ADHD_ch,0.9120092967579995
OCD,0.3361916789155857
ADHD_ado,-0.10735349208765672
CD,-0.13259896760224155
ASD,-0.2225090766273501
