Psychiatric_Disorder,Z_euclidean
CD,1.5374318933861266
ADHD_ado,0.12628030093688772
OCD,-0.25370945627546115
ADHD_ch,-0.7121815429156996
ASD,-0.7810781632220519
