,SUD,ALC,ATS,CAN,COC,NIC,OPI
ADHD_ch,0.5755002443842075,0.5646561510328765,0.4485353238459363,0.5664612319797053,0.6047653117817072,0.5943451836327788,0.5718828315606025
ADHD_ado,-0.04926713962649134,-0.07435673851520383,-0.006216681110107229,0.0677706178092766,-0.033972182048352145,0.01927900318889916,0.12439879963585365
CD,0.4640710331845753,0.47250076938185775,0.4572723550166616,0.4222063450796453,0.4896352419402347,0.4343061402727389,0.4438394924119428
OCD,0.7224046396938193,0.7196735020722167,0.602947508152981,0.6347396088719174,0.6843950368965568,0.6248366262485866,0.4772175694463363
