,SUD,ALC,ATS,CAN,COC,NIC,OPI
ADHD_ch,-0.41218927691049895,-0.5270673581241775,-0.38704004960727256,-0.5202883815731426,-0.46647615158762407,-0.5087238936790761,-0.374299345444258
ADHD_ado,-0.3336165463522455,-0.546626014748658,-0.26981475126464083,-0.2920616373302047,-0.2785677655436824,-0.35298725189445584,-0.4360045871318328
ASD,-0.4410215414239989,-0.619354502688081,-0.3215587038162706,-0.5117616632769595,-0.37735924528226417,-0.48928519290900274,-0.2543619468395381
CD,-0.30789608636681304,-0.5062608023538856,-0.3119294792096444,-0.3218695387886216,-0.26814175355583847,-0.3342154993413681,-0.3834057902536163
OCD,-0.41218927691049895,-0.5270673581241775,-0.38704004960727256,-0.5202883815731426,-0.46647615158762407,-0.5087238936790761,-0.374299345444258
