,SUD,ALC,ATS,CAN,COC,NIC,OPI
ADHD_ch,0.7116279669280643,0.7586771300867458,0.6626251536293509,0.4906898709541473,0.47034514853815484,0.5417958573712812,0.7126874315614697
ADHD_ado,0.8082470407297762,0.7631350124131888,0.7802479030431966,0.8247216548650103,0.7583094139895392,0.7636834472748616,0.5243804405848245
ASD,0.6262909309194815,0.6934440049584029,0.5850091866131818,0.3252060713828326,0.3672454485335037,0.462857302855109,0.8536941119193668
CD,0.8778123312166934,0.9019931782482142,0.6316176299521551,0.790794583736491,0.7035080856174304,0.8102467054770494,0.5891222808796278
OCD,0.7116279669280643,0.7586771300867458,0.6626251536293509,0.4906898709541473,0.47034514853815484,0.5417958573712812,0.7126874315614697
