,SUD,ALC,ATS,CAN,COC,NIC,OPI
ADHD_ch,-1.4238679714074616,-1.8766992300312804,-0.8964931678490361,-1.239637043654311,-1.3813037319865606,-1.1088282103193443,-1.193984924527944
ADHD_ado,-1.8306829326784035,-2.2963884688789045,-1.1403069762129845,-1.5677691156544706,-1.80288657435791,-1.4826665167865631,-1.4925816560577183
CD,-1.5297712247261028,-1.9801010075246164,-0.8633075929238663,-1.3548062592119954,-1.495392924953171,-1.2341393762456492,-1.2989996150884726
OCD,-1.215892676184868,-1.6404313457136814,-0.84128176017313,-1.1516140846655185,-1.2465612700545448,-1.069876161057905,-1.2893622454531544
