,SUD,ALC,ATS,CAN,COC,NIC,OPI
ADHD_ch,0.5755002443842075,0.5646561510328765,0.4485353238459363,0.5664612319797053,0.6047653117817072,0.5943451836327788,0.5718828315606025
ADHD_ado,-0.04926713962649134,-0.07435673851520383,-0.006216681110107229,0.0677706178092766,-0.033972182048352145,0.01927900318889916,0.12439879963585365
ASD,0.07535183009064546,0.06196203048176282,-0.01045081565728463,0.06536556451042642,0.10479362001572103,0.1126490286238755,0.043665234686326854
CD,0.4814557054588544,0.47689048565176073,0.3990915071488814,0.5005321849938293,0.49699222708476215,0.5082318680270086,0.5367631719483522
OCD,0.7224046396938193,0.7196735020722167,0.602947508152981,0.6347396088719174,0.6843950368965568,0.6248366262485866,0.4772175694463363
