,SUD,ALC,ATS,CAN,COC,NIC,OPI
ADHD_ch,-0.32030269899666386,-0.15713879946698017,-0.12095346675398495,-0.3632615727451866,-0.4117196367963881,-0.4161584138167443,0.12471687392864662
ADHD_ado,0.4750350615286081,0.38264951655295937,0.5860245618857596,0.5333386009010834,0.4949835851846916,0.4878156704971977,0.15281246137553164
ASD,-0.7100416474261709,-0.552230638126816,-0.40765798054120855,-0.8139750055956959,-0.8076904350267942,-0.7875686110940537,0.18820910065595764
CD,0.5254437638137452,0.6053215077605322,-0.009955776577523593,0.544850832435624,0.3377786118000711,0.5005552364149469,-0.4322727942385708
OCD,-0.32030269899666386,-0.15713879946698017,-0.12095346675398495,-0.3632615727451866,-0.4117196367963881,-0.4161584138167443,0.12471687392864662
