,SUD,ALC,ATS,CAN,COC,NIC,OPI
ADHD_ch,-0.41218927691049895,-0.5270673581241775,-0.38704004960727256,-0.5202883815731426,-0.46647615158762407,-0.5087238936790761,-0.374299345444258
ADHD_ado,-0.3336165463522455,-0.546626014748658,-0.26981475126464083,-0.2920616373302047,-0.2785677655436824,-0.35298725189445584,-0.4360045871318328
CD,-0.28548204847240394,-0.48290785870598546,-0.3111269837220809,-0.304138126514911,-0.24454038521274968,-0.31622776601683794,-0.3753664875824692
OCD,-0.8988236757006348,-1.1017731163901214,-0.6944811012547425,-0.8958593639628935,-0.7344276683241175,-0.9093536165870788,-0.6734864512371426
