,SUD,ALC,ATS,CAN,COC,NIC,OPI
ADHD_ch,-1.4238679714074616,-1.8766992300312804,-0.8964931678490361,-1.239637043654311,-1.3813037319865606,-1.1088282103193443,-1.193984924527944
ADHD_ado,-1.8306829326784035,-2.2963884688789045,-1.1403069762129845,-1.5677691156544706,-1.80288657435791,-1.4826665167865631,-1.4925816560577183
ASD,-1.815718039784812,-2.2617586078094187,-1.2465199557167146,-1.6347880596578874,-1.7757623714900594,-1.4951294258357704,-1.6093576358286559
CD,-1.5070832757349544,-1.9598469327985797,-0.910768905925098,-1.2985376390386225,-1.4774640435557138,-1.182159041753689,-1.2310970717209915
OCD,-1.3036103712382776,-1.7555625878902752,-0.7945438943192503,-1.1525189803209315,-1.2720062892926276,-1.0043405796840035,-1.1108555261599051
