,SUD,ALC,ATS,CAN,COC,NIC,OPI
ADHD_ch,0.15241067321838497,0.1181538171732859,-0.009381043142919385,0.12967731982498437,0.2555838215253097,0.21331943838516748,0.05741528231295012
ADHD_ado,-0.2980480486934891,-0.36284284085678065,-0.07234032104873639,-0.012407608575782434,-0.27902929768938833,-0.09199449431714514,0.0993486898749244
CD,0.2608557303618882,0.27287503513599143,0.05827843439472202,0.20211768373158218,0.3065155472230043,0.27216063082934183,0.2806959755706096
OCD,0.3175138759307808,0.3165145744057024,0.07649963210137639,0.07950610932553663,0.20593617603605766,0.01120256600918041,-0.29044807839727144
