,SUD,ALC,ATS,CAN,COC,NIC,OPI
ADHD_ch,0.7116279669280643,0.7586771300867458,0.6626251536293509,0.4906898709541473,0.47034514853815484,0.5417958573712812,0.7126874315614697
ADHD_ado,0.8082470407297762,0.7631350124131888,0.7802479030431966,0.8247216548650103,0.7583094139895392,0.7636834472748616,0.5243804405848245
CD,0.9003939872925146,0.9237032952121853,0.6459083151000302,0.8163203284907432,0.7640004394067265,0.8333486383157185,0.6141338871576384
OCD,-0.5132729053655273,-0.4825420853620729,-0.3457479699325322,-0.6565401628335255,-0.6102938545590828,-0.6051343378506661,-0.041228576564826105
