,SUD,ALC,ATS,CAN,COC,NIC,OPI
ADHD_ch,0.15241067321838497,0.1181538171732859,-0.009381043142919385,0.12967731982498437,0.2555838215253097,0.21331943838516748,0.05741528231295012
ADHD_ado,-0.2980480486934891,-0.36284284085678065,-0.07234032104873639,-0.012407608575782434,-0.27902929768938833,-0.09199449431714514,0.0993486898749244
ASD,-0.014298593035953084,-0.03650542200162495,-0.05816036336028523,-0.043450429514114465,0.0967621959762307,0.08921660839037324,-0.07035013127631626
CD,-0.11772601266870353,-0.0980415439506106,-0.15693940244335622,-0.01293066557463832,-0.0744606794675206,-0.029731521744063332,0.1539935449854374
OCD,0.3175138759307808,0.3165145744057024,0.07649963210137639,0.07950610932553663,0.20593617603605766,0.01120256600918041,-0.29044807839727144
