,SUD,ALC,ATS,CAN,COC,NIC,OPI
ADHD_ch,-0.32030269899666386,-0.15713879946698017,-0.12095346675398495,-0.3632615727451866,-0.4117196367963881,-0.4161584138167443,0.12471687392864662
ADHD_ado,0.4750350615286081,0.38264951655295937,0.5860245618857596,0.5333386009010834,0.4949835851846916,0.4878156704971977,0.15281246137553164
CD,0.6792557421857667,0.7119060773078314,0.1243082404000096,0.7066736461939356,0.6064663746407032,0.6474644353871897,-0.2247242079051936
OCD,-0.6614974221286225,-0.6407154695770482,-0.2486164808000192,-0.7466740412615168,-0.6867339830490315,-0.6740725628688551,0.2966359544348555
