,SUD,ALC,ATS,CAN,COC,NIC,OPI
ADHD_ch,-0.21070600520753993,-0.2643362265791189,-0.7770042135940846,-0.13133481874762631,0.35214765985646984,0.34389279930031386,0.2992837823422617
ADHD_ado,-0.6808752895397211,-0.9689568009202516,-0.1257750286826179,0.5725590314388818,-0.42541668273491057,0.1232491463764161,0.7458559712160849
ASD,0.21173117114958273,0.06709591055521942,-0.5450175812394374,0.10533701935907472,0.540951306374456,0.5960454185062141,-0.062072684682273394
CD,2.452199793434433,2.432415272174004,1.8942323150665838,2.6521035696928323,2.6197618129444877,2.660640411530689,2.967768663301413
OCD,0.6558062335680224,0.774633689161744,-0.2710905781935717,-0.18514578827452033,0.9577949159039001,0.7753105372109658,0.2550038469671124
