,SUD,ALC,ATS,CAN,COC,NIC,OPI
ADHD_ch,1.1113409395298441,0.8865231496095786,-0.3534918805060099,1.0509524787180804,2.0898451356204073,1.983108149980308,0.9979518288958463
ADHD_ado,-2.008752869430131,-2.690104528101671,-0.5061490180727317,0.38459709058610336,-1.7802279099786762,-0.4659895020491165,1.1517727406252891
ASD,-0.13205008939902746,-0.3652971185273472,-1.165314181595832,-0.34561617753770824,0.7129510795703509,0.772541025872345,-0.6595032695756932
CD,-0.6056938667798198,-0.4969009360224701,-0.9712529442514174,0.2564497821767384,-0.22070658524858042,0.2440972956853906,1.6139964603067014
OCD,1.6457923142132065,1.7288772023014656,0.12900441815389652,0.2512787110946715,2.247462941475224,1.9398945647920132,0.34811321364805076
