,SUD,ALC,ATS,CAN,COC,NIC,OPI
ADHD_ch,-0.27785732013557096,-0.3407036809107089,-0.7121815429156996,-0.14829268403430707,0.2794206731041765,0.3356613066120595,0.2856809615417583
ADHD_ado,-0.36980358064774693,-0.7096000239367487,0.12628030093688772,0.665158055776832,-0.2014893343176235,0.28020260552082626,0.8006096468351893
CD,1.2207576781305205,1.381962219958667,1.3690523815044495,0.7134740833182608,1.4388783890147012,0.8578760615976143,1.1871296558599274
OCD,0.6792960401422635,0.28176698498358027,1.1911960182089931,-0.36631694449258295,-0.19152386059767348,-0.4860421151868989,-1.4603803090423897
