,SUD,ALC,ATS,CAN,COC,NIC,OPI
ADHD_ch,-0.2622604026373775,-0.3250734434362477,-0.7006016557437957,-0.1515878096281515,0.27994194236942377,0.32137634446280483,0.2770758984800482
ADHD_ado,-0.37168286114453475,-0.7044511126227105,0.1358867517207057,0.6840388958131641,-0.19177914388927345,0.29247560702685965,0.8058003708420662
ASD,0.07161825821939981,-0.04525555932700649,-0.7739571958043305,-0.055042770409915086,0.4103736851674007,0.45218614777761834,-0.2340856216200613
CD,2.911268967455448,3.1946799156602337,1.5523105231332235,2.967768663301413,3.155935924680208,2.8627679492098896,3.431641524827919
OCD,0.4902774153138272,0.5461810282348962,-0.23048073966621865,-0.2588895931862819,0.7692316166999479,0.6932523749964656,0.20968106066241327
