,SUD,ALC,ATS,CAN,COC,NIC,OPI
ADHD_ch,-0.23202531960698805,-0.2788994797525227,-0.7753105372109658,-0.12274406477776369,0.3407036809107089,0.3553495122002495,0.3045302797253579
ADHD_ado,-0.6598516020094777,-0.9562100897640734,-0.14044150203737918,0.5514257310455494,-0.4383482052660027,0.11996667211250592,0.7399108925656536
CD,1.1045074752228978,1.2118300515407863,1.4105268920464207,0.670169530450054,1.314193421103236,0.821504671792366,1.1207982185741239
OCD,1.0907737203991454,1.2181218224415011,0.27239090150902584,-0.5124456254804317,0.1515878096281515,-0.8961681122073457,-1.8224076104602478
