,SUD,ALC,ATS,CAN,COC,NIC,OPI
ADHD_ch,0.39406825571578535,0.32798142469633346,-0.346286933688346,0.4295359373237147,0.8775978733277232,0.879072321941743,0.6862574988369133
ADHD_ado,-0.9757929415739637,-1.241073651310928,-0.3473516300531276,0.33937590545383056,-0.7258133451954606,-0.12425940403772097,0.6201690656802188
ASD,0.035723478057713164,-0.0947573687620143,-0.6483658922929747,-0.04701189192317594,0.3454886690082333,0.43834820526600254,-0.20660754369833606
CD,-0.12451198822990005,-0.10256506686227003,-0.2513806222302803,0.2382092177856007,0.05228178167005561,0.30558058121489406,0.7578260178998323
OCD,0.7668752598205252,0.8849893344774882,-0.17444742154357995,-0.08544601864534189,1.0678870984709496,0.91886883317319,0.3428293727750558
