,SUD,ALC,ATS,CAN,COC,NIC,OPI
ADHD_ch,0.13482436586490257,0.14424233715164037,-0.16291348146378423,-0.07708477871516026,0.4535947435907793,0.12037657340233042,0.611737061698709
ADHD_ado,-0.17407194498740247,-0.7894434927292453,0.9929306701228924,1.5747849431493945,-0.08709921627341942,0.7338662763559932,0.45249340540721283
ASD,-1.9715891690113623,-1.9058139137626158,-1.7274023949702344,-2.5884577821911736,-1.661875139061065,-1.7582694581287344,0.44950830210893084
CD,1.1789483963937077,1.5337500590987914,-0.7452996021753038,1.828573104534995,0.7143382803205683,1.4186857795940797,-0.8413603892008868
OCD,0.4435182703570231,0.6417286097270248,0.13135833973986388,-0.47788165434990726,0.5396907652381735,0.11688264918971837,0.27813600124207044
