,SUD,ALC,ATS,CAN,COC,NIC,OPI
ADHD_ch,1.2244621875340544,1.0203357728430607,-0.05629790274871612,1.0031916040656226,1.9899600138157587,1.7169330746368825,0.4022076035258315
ADHD_ado,-1.8439290511284812,-2.437272564038361,-0.484068626122935,-0.13209328274491858,-1.9048903910800004,-0.7574920541900849,0.6932523749964656
ASD,-0.13563379354728247,-0.3100481411446704,-0.4380723095809382,-0.32190423141367125,0.7083110367122285,0.6736247011338905,-0.5296705559512698
CD,-0.8582382410316293,-0.7461870256332823,-1.125035614992313,-0.09173661022083363,-0.5593213812516699,-0.23254030244061996,1.2165443629862183
OCD,1.5982425787847272,1.6118742754709057,0.48660631673158167,0.748838412233752,2.083603148674266,1.6922887021395399,0.022684663028490353
