,SUD,ALC,ATS,CAN,COC,NIC,OPI
ADHD_ch,1.1705596545676988,0.9089743534821862,-0.08117036208061318,0.922314862930398,1.9600067572635078,1.6267527473728944,0.4513534514593625
ADHD_ado,-1.87790647391343,-2.4372725640383615,-0.4888646749692835,-0.11592847371041543,-1.9686343028902862,-0.6742537776917881,0.6837222274549288
CD,2.0947144900902654,2.053790215089458,0.3457547327489548,1.3408104521250581,1.872091970965803,1.946498895266764,2.512179614125022
OCD,1.3261756530409181,1.499335484130162,0.3462869336883462,0.33831411581974996,1.3445143420997572,0.0977789922120447,-1.61095614623644
