,SUD,ALC,ATS,CAN,COC,NIC,OPI
ADHD_ch,1.1369135129844514,0.9006710910744178,-0.07941023328012183,0.9082169251463031,1.9703775156843717,1.6276946832234778,0.4435965969207358
ADHD_ado,-1.938233507105478,-2.536431026123675,-0.523336757313178,-0.13512790321950388,-2.01604165272639,-0.7070232252651225,0.6626585769054085
ASD,-0.09249172030550973,-0.2245649063973639,-0.3800212959869508,-0.23254030244061996,0.6177406290457388,0.6068573183693161,-0.5628417534120863
CD,-0.7425499092276286,-0.6216886970029583,-1.2697334818128727,-0.11618080505075261,-0.5178835126424953,-0.20072206122785677,1.149439106280595
OCD,1.6333768585140718,1.6018486538746657,0.5055982845039645,0.7141208006493669,2.0663428255869216,1.631476943474948,0.052532763861935304
