,SUD,ALC,ATS,CAN,COC,NIC,OPI
ADHD_ch,1.1606717304256011,0.9192511862153157,-0.08871668854459212,0.9120092967579995,1.9827509043303537,1.662610834333998,0.4694666376553295
ADHD_ado,-1.8867490971154819,-2.5005872112788796,-0.48688847559014276,-0.10735349208765672,-1.9686343028902862,-0.6717390683582131,0.6887971889043452
CD,2.1545523616443685,2.079229729310022,0.35989172271914777,1.3709743191911956,1.9668970519149789,1.9721267366910555,2.5690090258082963
OCD,1.3029824831146488,1.4803265490202568,0.3500150975441707,0.3361916789155857,1.3219602676585287,0.10180921746798251,-1.5831439372653133
