,SUD,ALC,ATS,CAN,COC,NIC,OPI
ADHD_ch,0.38333003987998276,0.17970686523678864,-0.8989436659790855,0.3610138305632005,1.5025350910826414,1.323843282752786,0.5888720315165961
ADHD_ado,-1.7267343687149899,-2.430551645061502,-0.2963106116935782,0.6474810202632844,-1.5203003675432654,-0.1681812511439639,1.2784353145342153
ASD,0.11019174970471132,-0.11704307649825645,-0.9809158401164026,-0.10521980804204156,0.9059004584224355,0.9555660130872529,-0.49594391571002555
CD,2.667888742910618,2.8898727848849393,1.2567814678844929,3.1775577274598112,3.035600458142517,3.073054367835603,4.358330172199488
OCD,1.6047222721469692,1.687400484154148,0.0023249702760315904,0.15593388947271072,2.190102820087119,1.7898088451767904,0.2986157618652264
