,SUD,ALC,ATS,CAN,COC,NIC,OPI
ADHD_ch,0.6363511926212486,0.5672520555545214,-0.15945213215450948,0.5942502238391468,1.6922887021395399,1.7472617728739928,0.8658702052682233
ADHD_ado,-1.6881061145628444,-2.1248798427348756,-0.6213846559768307,0.17597450923190672,-1.9686343028902862,-0.7379350072653297,0.8427646821457375
CD,2.1444505910839697,2.404414832515452,2.0355474380361227,1.3310222744291043,3.7190417463402357,2.1060906328352056,1.5220873257986178
OCD,1.89122631059373,2.0009715079764745,0.9093532632664328,0.32771694849495386,1.4863510833910314,0.20200091558994282,-2.008449564531085
