,SUD,ALC,ATS,CAN,COC,NIC,OPI
ADHD_ch,-0.2083752669365157,-0.2620879920036436,-0.7779225768830684,-0.12059300183306396,0.33746290481993096,0.35534564183294953,0.2816240882400406
ADHD_ado,-0.6918956682862868,-0.9883143498988092,-0.14252091682251244,0.5819174530544128,-0.46807318156601874,0.10072342336527033,0.8376566993861798
ASD,0.2161656305128719,0.06551607854626257,-0.5533342212067707,0.117572388163561,0.5337301284775816,0.6047997072360929,-0.07896739806858302
CD,2.6435559760468794,2.601678243837467,1.970182541916413,2.758176724316256,2.774251327692596,2.7041624663900907,2.8180789407847127
OCD,0.6506263451861595,0.7572632542265046,-0.2618332127866567,-0.17748623602040722,0.9447567023722262,0.7855092020314784,0.27486486368429913
