,SUD,ALC,ATS,CAN,COC,NIC,OPI
ADHD_ch,-0.24595195045227747,-0.31821089691876076,-0.7073450681318861,-0.15082725123217836,0.3053179742833266,0.3476178656320221,0.274212128748468
ADHD_ado,-0.36283475585126745,-0.6670353949105756,0.15387001283384036,0.6846724384196508,-0.19024763099643419,0.3190019586954573,0.8023374855691846
CD,1.2113078997094462,1.3813112465857809,1.3748334613158641,0.7041299263337393,1.4481137472211578,0.8567901978027663,1.2123525339777705
OCD,0.6789803935890103,0.2700506495730955,1.1800603766704412,-0.3486830546012496,-0.20814405640096015,-0.5010465446810566,-1.4886242532122973
