,SUD,ALC,ATS,CAN,COC,NIC,OPI
ADHD_ch,-0.21840022753328908,-0.26823147625323723,-0.7601661355670524,-0.12628030093688772,0.3647092311000068,0.355082552438604,0.28855399164024076
ADHD_ado,-0.6623464332514845,-0.9637595649194032,-0.10306899898725397,0.5749228645019725,-0.4155596924786248,0.1358867517207057,0.757158174943395
CD,1.1054304797299168,1.2234020427222854,1.4112049820660133,0.6570498165554949,1.3053290627311231,0.8176472412631831,1.1523553459793439
OCD,1.0962424142166216,1.2313869319941904,0.2645957844951441,-0.49905842370158165,0.1467724018970323,-0.9101114747892101,-1.8330622066246836
