,SUD,ALC,ATS,CAN,COC,NIC,OPI
ADHD_ch,-0.23202531960698805,-0.2788994797525227,-0.7753105372109658,-0.12274406477776369,0.3407036809107089,0.3553495122002495,0.3045302797253579
ADHD_ado,-0.6598516020094777,-0.9562100897640734,-0.14044150203737918,0.5514257310455494,-0.4383482052660027,0.11996667211250592,0.7399108925656536
ASD,0.18922687047334308,0.032714062376625205,-0.5476363775983816,0.10231311057474606,0.5175969273507154,0.5927556900703217,-0.04952119142053112
CD,2.5241197781417166,2.5181048224298386,1.8706481887402298,2.687482842760682,2.6968775604919224,2.643755738920536,3.0357025193167013
OCD,0.6406535102375512,0.7534910550064652,-0.30138138475456094,-0.1777566306050667,0.9550230444969249,0.7831200054857396,0.26303870370854077
