,SUD,ALC,ATS,CAN,COC,NIC,OPI
ADHD_ch,-0.27785732013557096,-0.3407036809107089,-0.7121815429156996,-0.14829268403430707,0.2794206731041765,0.3356613066120595,0.2856809615417583
ADHD_ado,-0.36980358064774693,-0.7096000239367487,0.12628030093688772,0.665158055776832,-0.2014893343176235,0.28020260552082626,0.8006096468351893
ASD,0.042245025193680875,-0.08041599069161605,-0.7810781632220519,-0.04701189192317594,0.3897379555980234,0.44470307534999387,-0.21634718918141077
CD,2.9889128208371987,3.1559359246802154,1.5374318933861266,3.121418592884006,3.194679915660236,3.011484117417135,3.5401101885132817
OCD,0.4438731655643537,0.5013307235187564,-0.25370945627546115,-0.24853611846892826,0.7551566687191973,0.6894328055691298,0.20942485898203553
