,SUD,ALC,ATS,CAN,COC,NIC,OPI
ADHD_ch,0.3063685285471814,0.18718593967038105,-0.20968106066241327,0.3875755480908271,0.7521600677017338,0.8388386760911893,0.6400381687911437
ADHD_ado,-0.6595400370003124,-0.9810515049939035,-0.04525555932700649,0.458859078629389,-0.4527414528597596,0.0746339648850147,0.6815074648591664
ASD,-0.12880714849355865,-0.22790765924119086,-0.9319451674306131,-0.22970865607620886,0.18106778740646715,0.2261074013423909,-0.4060150710132884
CD,-0.06634232183397348,-0.01190557502389786,-0.30584320922172376,0.29771144475531536,0.1247645803660413,0.34974863934298567,0.8211534916014804
OCD,0.48547806831838314,0.4976395444852808,-0.08871668854459212,-0.22816489911201784,0.7412297556180709,0.748838412233752,0.2374357370209572
