,SUD,ALC,ATS,CAN,COC,NIC,OPI
ADHD_ch,1.1956241753730938,0.9318285998908044,-0.08177149483520307,0.9712812893951404,1.9500788678062195,1.6485681421549807,0.4330911896992565
ADHD_ado,-1.8184525180111653,-2.288537861599455,-0.5500695324041813,-0.08079392945613885,-1.9557944783490337,-0.6966506204097245,0.6789275600140149
ASD,-0.10371760228166836,-0.2537711941349587,-0.40448845967906377,-0.26169706571117074,0.6112629402301175,0.613100890441461,-0.5520589933217371
CD,-0.7829873114100084,-0.6652282263421959,-1.260268051193066,-0.09164942317995145,-0.5637906611699421,-0.2055647498879185,1.1348360114404703
OCD,1.6314742563641567,1.616035319630569,0.4905413222098893,0.7405215601380466,2.1610758156997965,1.650712207943911,0.01847816781505147
