,SUD,ALC,ATS,CAN,COC,NIC,OPI
ADHD_ch,-0.2712299096430768,-0.3384937310598116,-0.7351773925832157,-0.16466644913983977,0.24970985413629868,0.31521556775832543,0.22797168693810133
ADHD_ado,-0.4108903191268544,-0.7253619019760855,0.1406101529532917,0.6955701244940394,-0.2268444490901643,0.2762658578041742,0.8908550012305665
ASD,0.05401311295665743,-0.061350901911857124,-0.7953774389976039,-0.060917148894563664,0.39607101516036347,0.4378705701371224,-0.2748321702345958
CD,3.048905615367188,3.1616577464026054,1.6126053716989812,3.093403342024376,3.2141425981390634,2.9809756164320556,3.198019965178852
OCD,0.4528208431128978,0.5024339885005594,-0.24398639233701844,-0.2624476960950012,0.7339401592303696,0.6896065862700719,0.18507948906461355
