,SUD,ALC,ATS,CAN,COC,NIC,OPI
ADHD_ch,-2.0298580473867873,-1.7886706693207006,-0.5868182610298787,-1.9416254347150812,-1.6957306386914581,-2.65978575048572,-0.42281127179908884
ADHD_ado,2.2484663584487796,0.8876273921308024,3.170492809983971,4.435405311571772,2.5988196344626755,2.4282575085530405,-0.5978156361709208
ASD,-3.47998372765221,-2.820809960009641,-2.1426532312637088,-4.869765959154069,-3.7914434757630344,-4.482848377294167,1.366355619605627
CD,2.7393462803229576,2.133109101320989,-0.8223257770626389,4.0905417267380555,1.799383525052328,3.1439891526050725,-3.015323524842219
OCD,-2.0298580473867873,-1.7886706693207006,-0.5868182610298787,-1.9416254347150812,-1.6957306386914581,-2.65978575048572,-0.42281127179908884
