,SUD,ALC,ATS,CAN,COC,NIC,OPI
ADHD_ch,-1.1760471320328256,-1.1596891666753084,0.30269305938483687,-0.7353049657772841,-0.15666046229940664,-1.6127937654673319,-0.2869865905698465
ADHD_ado,1.581391187668765,0.3875755480908271,1.4736125461519323,2.8943354481172303,0.9745832545718851,1.7279811672838554,-0.3708772948638853
ASD,-1.059502342694314,-0.7089553830843651,-0.5602008229572862,-2.457299309672635,-1.128345386690423,-2.1296964734976878,1.0538080593349768
CD,1.204032176458555,0.782779471860686,-0.5520094105588461,2.7065165135606253,0.6317545980910404,1.762456494214156,-1.8398284943488545
OCD,-1.1760471320328256,-1.1596891666753084,0.30269305938483687,-0.7353049657772841,-0.15666046229940664,-1.6127937654673319,-0.2869865905698465
