,SUD,ALC,ATS,CAN,COC,NIC,OPI
ADHD_ch,-1.166315700719362,-0.5626729918137474,-0.4468120401479578,-1.3206978710512385,-1.477777039671961,-1.4991189078967875,0.4404822024052084
ADHD_ado,1.719654936425412,1.380430031446581,2.1239818515781153,1.923227763317352,1.8064949912556003,1.7519980341575432,0.5451041381109248
ASD,-2.55368758350711,-1.9729090867913157,-1.4609549803272888,-2.943647241903565,-2.89447431797891,-2.831253249031138,0.6731406407636488
CD,1.9280260155643958,2.2043319114117197,-0.03480575015447491,1.96390383655586,1.1972232028375256,1.7920055879287107,-1.5535757027893404
OCD,-1.1671425394019324,-0.5695556168609199,-0.43387974236383564,-1.3111887917380407,-1.475742496762791,-1.5064562230984788,0.45600733753880446
