,SUD,ALC,ATS,CAN,COC,NIC,OPI
ADHD_ch,-0.7780428935473931,-0.4290322116121119,0.15567137567840844,-1.3463735048759657,-1.6633618619322852,-1.9517832667452621,0.31750221040810966
ADHD_ado,3.7646091205755416,3.254087802292373,3.749287810692583,4.077207900304851,3.4954985413543707,3.3866211062243288,0.24363685445387723
ASD,-3.9458717261818976,-3.7773328028982123,-1.7734719195311417,-5.206062942666555,-4.64857981562194,-5.02423158545587,1.992816822439062
CD,3.302106252561434,3.757263957585523,0.006728183728513849,3.37229540200874,1.9813929008540676,2.8420164411995894,-2.7146944093809187
OCD,-0.7780428935473931,-0.4290322116121119,0.15567137567840844,-1.3463735048759657,-1.6633618619322852,-1.9517832667452621,0.31750221040810966
