,SUD,ALC,ATS,CAN,COC,NIC,OPI
ADHD_ch,2.5774111686128744,2.7369038637418237,2.3926439924360805,1.771203744426605,1.7069577016350668,1.9658761191160066,2.6002516386400285
ADHD_ado,2.9369143060060323,2.7508119567677447,2.8283007385091445,2.9831160852538847,2.7454397497866694,2.7514795354707955,1.8821860195187097
ASD,2.253212747723334,2.484102191877842,2.112423101341173,1.1813778846980327,1.3390404975081782,1.66411333012803,3.0484946281448564
CD,3.1593413649154822,3.2418371401848223,2.2918786617019085,2.8392100445860438,2.531953548062119,2.942909376132039,2.119283787738302
OCD,2.597416941951706,2.7537924664977287,2.401453091533143,1.7781707269545033,1.7124217506061379,1.9569277930777025,2.590199923982708
