,SUD,ALC,ATS,CAN,COC,NIC,OPI
ADHD_ch,-1.2255237103168102,-1.1968196377540576,-0.819749782238953,-1.4132431553789944,-1.5212895907115014,-1.6082098753002048,-0.998229296853233
ADHD_ado,0.5325565794373407,-0.14905295343109345,1.7542244179103887,2.794408201455529,1.8119559659611315,0.7824390289850185,-1.0551190884859567
ASD,-1.7290976436006296,-1.5796432828913596,-1.420767157151682,-2.437272564038361,-2.0858048891934273,-2.0947144900902654,0.7245092919319815
CD,1.507092998013237,0.6856232679783265,-0.7692316166999479,2.3226496679260715,1.1730495838117632,1.772013232049525,-1.8749912986447002
OCD,-1.2255237103168102,-1.1968196377540576,-0.819749782238953,-1.4132431553789944,-1.5212895907115014,-1.6082098753002048,-0.998229296853233
