,SUD,ALC,ATS,CAN,COC,NIC,OPI
ADHD_ch,-1.0844345251217762,-0.554346013021332,-0.37840535994446184,-1.2547238019836136,-1.4235232001018359,-1.426983531698272,0.4267889622400857
ADHD_ado,1.6211312136184863,1.2959854377311586,2.0621224404557723,1.8224076104602478,1.6954451824056085,1.6808568609606231,0.50246784413518
ASD,-2.669375673884048,-1.9617206141055132,-1.3588864230972189,-3.121418592883994,-3.121418592883994,-3.0618440847871744,0.6434255560049219
CD,1.8330622066246836,2.172778127271106,-0.028200485790077525,1.8808376960167235,1.1426722812313297,1.722430841092257,-1.5268942032038924
OCD,-1.0844345251217762,-0.554346013021332,-0.37840535994446184,-1.2547238019836136,-1.4235232001018359,-1.426983531698272,0.4267889622400857
