,SUD,ALC,ATS,CAN,COC,NIC,OPI
ADHD_ch,-0.1310820142252933,-0.09551269244264253,0.32692365732725814,-0.5383419920480734,-0.7284251626600001,-0.9766001934836116,0.06282606562404694
ADHD_ado,2.4471632604211075,2.1701299840646895,2.2144575427595234,2.6197618129444877,2.180815302168275,2.092471480502515,-0.040238216812400474
ASD,-2.0770578483445417,-2.2904058588053733,-0.8560668495246554,-2.947873465608009,-2.4624635403641273,-2.8201901451073623,1.4044530550656857
CD,1.9431767974012937,2.167496972357167,0.019927020925260858,1.979184650336073,1.1450829863944816,1.6000430155057588,-1.5875472204335221
OCD,-0.1310820142252933,-0.09551269244264253,0.32692365732725814,-0.5383419920480734,-0.7284251626600001,-0.9766001934836116,0.06282606562404694
