,SUD,ALC,ATS,CAN,COC,NIC,OPI
ADHD_ch,-1.4711537810455677,-1.8919064501749674,-1.3988458092748162,-1.8997477259059237,-1.6833739931260305,-1.8403801263503496,-1.341799436616551
ADHD_ado,-1.2099977158911128,-1.9518454551965847,-0.9736508632948268,-1.0555474020338254,-1.0192343218216333,-1.280351101286457,-1.5493418095437161
ASD,-1.5819599530712574,-2.2322331474029786,-1.1621474625278554,-1.8387102857326114,-1.3514438375054645,-1.768718104469996,-0.9138417704964032
CD,-1.1070866382249906,-1.8279551604060573,-1.1104441373622087,-1.1578797384245858,-0.9654054451579205,-1.195583055617971,-1.38017297640668
OCD,-1.480282049146017,-1.8784971500969008,-1.3802212296040712,-1.8579243837671404,-1.6954582185637228,-1.8214302552002914,-1.357142083304999
