,SUD,ALC,ATS,CAN,COC,NIC,OPI
ADHD_ch,-0.13209328274491858,-0.09324688313184533,0.3211124345763491,-0.538921522378069,-0.7290788934772497,-0.9770040581836689,0.060314932078137255
ADHD_ado,2.452199793434433,2.1701299840646895,2.21737699710294,2.6197618129444877,2.178120586834787,2.092471480502515,-0.040238216812400474
ASD,-2.0880167876679656,-2.2904058588053733,-0.8567901978027663,-2.947873465608009,-2.4676942904482417,-2.8201901451073623,1.4037813755718134
CD,1.9431767974012937,2.167496972357167,0.019927020925260858,1.980964628057253,1.1441179064097171,1.6000430155057588,-1.5875472204335221
OCD,-0.13209328274491858,-0.09324688313184533,0.3211124345763491,-0.538921522378069,-0.7290788934772497,-0.9770040581836689,0.060314932078137255
