,SUD,ALC,ATS,CAN,COC,NIC,OPI
ADHD_ch,-1.1142464278768331,-0.7415596728423174,-0.49934232005884943,-1.2144457810382503,-1.2591415691539196,-1.3858804163214469,0.5528852826542436
ADHD_ado,1.780510204836556,1.298893146700679,2.2636176678617352,1.9936037022304163,1.714748426063914,1.6954451824056085,0.3905493279426965
ASD,-3.238908639511618,-2.597187503257305,-1.7302162794414022,-3.540110188513238,-3.3528224581632635,-3.540110188513238,0.5882800030972417
CD,2.0335617625723867,2.226250601736528,-0.1030689989872541,2.0558599197041403,1.311819505790214,1.9110792244937247,-1.5078737532908446
OCD,-1.1142464278768331,-0.7415596728423174,-0.49934232005884943,-1.2144457810382503,-1.2591415691539196,-1.3858804163214469,0.5528852826542436
