removed_disorder;correlation_with_full
ALC;0.989454938
ATS;0.992315367
CAN;0.993741993
COC;0.994726178
NIC;0.996267997
OPI;0.98422595
