removed_disorder;correlation_with_full
ADHD_ch;0.904799886
ADHD_ado;0.887983674
CD;0.931789134
OCD;0.824256223
BD;0.953420613
MDD;0.865113256
