,SUD,ALC,ATS,CAN,COC,NIC,OPI
BD,0.0018998100189981002,0.0034996500349965005,0.0010998900109989002,0.0045995400459954,0.011998800119988001,0.0163983601639836,0.1847815218478152
MDD,0.8813118688131187,0.8869113088691131,0.3063693630636936,0.6419358064193581,0.8903109689031097,0.7903209679032097,0.5843415658434157
