,SUD,ALC,ATS,CAN,COC,NIC,OPI
BD,0.0018998100189981002,0.0024997500249975004,0.0010998900109989002,0.0026997300269973002,0.008599140085991401,0.012098790120987902,0.15678432156784322
MDD,0.8309169083091691,0.8604139586041396,0.2106789321067893,0.5489451054894511,0.8538146185381462,0.7059294070592941,0.48975102489751027
