,SUD,ALC,ATS,CAN,COC,NIC,OPI
BD,0.0016998300169983002,0.0023997600239976003,0.00039996000399960006,0.0008999100089991,0.0058994100589941,0.0038996100389961006,0.033396660333966606
MDD,0.48885111488851113,0.5405459454054594,0.08749125087491251,0.1576842315768423,0.44025597440255976,0.3444655534446555,0.062193780621937804
