,SUD,ALC,ATS,CAN,COC,NIC,OPI
BD,0.0013998600139986002,0.0021997800219978004,0.0010998900109989002,0.0027997200279972004,0.008799120087991202,0.010698930106989302,0.15158484151584842
MDD,0.1710828917108289,0.1446855314468553,0.204979502049795,0.45415458454154584,0.15008499150084992,0.29317068293170684,0.49065093490650935
