,SUD,ALC,ATS,CAN,COC,NIC,OPI
BD,0.0023997600239976003,0.0027997200279972004,0.0017998200179982,0.0023997600239976003,0.007399260073992601,0.0093990600939906,0.0395960403959604
MDD,0.9913008699130087,0.8879112088791121,0.1571842815718428,0.36376362363763626,0.9075092490750925,0.7235276472352765,0.11798820117988201
