,SUD,ALC,ATS,CAN,COC,NIC,OPI
BD,0.004199580041995801,0.007399260073992601,0.0013998600139986002,0.011198880111988802,0.025397460253974602,0.030596940305969402,0.36576342365763426
MDD,0.25677432256774324,0.23977602239776022,0.6279372062793721,0.7103289671032896,0.23017698230176983,0.4353564643535646,0.8209179082091791
