Psychiatric_Disorder,Z_cosine
BD,2.667199903204428
MDD,-1.143096480141252
