Psychiatric_Disorder,Z_spearman
BD,3.7190417463402357
MDD,1.5165233869155694
