Psychiatric_Disorder,Z_euclidean
BD,2.7164136850936154
MDD,-0.13968217717775516
