Psychiatric_Disorder,Z_Stouffer
BD,3.2438719325436463
MDD,0.5968633052761427
