Psychiatric_Disorder,Z_euclidean
BD,2.9889128208371987
MDD,-0.9498946541663592
