Psychiatric_Disorder,Z_Stouffer
BD,4.783997333347088
MDD,-1.400976149727324
