Psychiatric_Disorder,Z_spearman
BD,2.7065165135606257
MDD,0.40465458828483897
