Psychiatric_Disorder,Z_cosine
BD,2.3646133858028433
MDD,-0.35327679797718653
