Psychiatric_Disorder,Z_cosine
BD,1.4037813755718134
MDD,0.6742537776917881
