Psychiatric_Disorder,Z_euclidean
BD,2.353341888035236
MDD,-1.024688183871864
