Psychiatric_Disorder,Z_Stouffer
BD,3.902557633162478
MDD,0.08688270948516076
