Psychiatric_Disorder,Z_Stouffer
BD,5.4410802821798345
MDD,2.0944203422355976
