Psychiatric_Disorder,Z_cosine
BD,2.678319499398204
MDD,-1.17554680698795
