Psychiatric_Disorder,Z_spearman
BD,2.5971875032573055
MDD,0.11643314378866691
