Psychiatric_Disorder,Z_euclidean
BD,3.7190417463402357
MDD,-0.2768154622112508
