Psychiatric_Disorder,Z_spearman
BD,3.290554864277271
MDD,0.9051924071748331
