Psychiatric_Disorder,Z_cosine
BD,3.2498286044287785
MDD,0.5378753994288605
