Psychiatric_Disorder,Z_euclidean
BD,2.84799511094191
MDD,-1.0595023426943142
