Psychiatric_Disorder,Z_cosine
BD,0.9736110961722837
MDD,-0.20772106946942015
