Psychiatric_Disorder,Z_spearman
BD,3.0500049379895
MDD,0.015702741728739675
