Psychiatric_Disorder,Z_spearman
BD,2.678319499398204
MDD,0.11618080505075261
