Psychiatric_Disorder,Z_spearman
BD,2.967768663301418
MDD,-0.12148149747643314
