Psychiatric_Disorder,Z_Stouffer
BD,2.2762585786058693
MDD,0.80893229553285
