Psychiatric_Disorder,Z_euclidean
BD,3.290554864277271
MDD,0.6256464792577542
