Psychiatric_Disorder,Z_Stouffer
MDD,1.7720496343596386
BD,1.570567004996764
