Psychiatric_Disorder,Z_euclidean
BD,2.8588044634413765
MDD,-1.0472165487907301
