Psychiatric_Disorder,Z_euclidean
BD,3.0618440847871637
MDD,-0.5371834733271125
