Psychiatric_Disorder,Z_euclidean
BD,2.3226496679260715
MDD,-1.0309383246082326
