Psychiatric_Disorder,Z_cosine
BD,2.235303045727797
MDD,-1.1999030834897297
