Psychiatric_Disorder,Z_Stouffer
BD,3.104811285946918
MDD,0.14347345975946013
