Psychiatric_Disorder,Z_cosine
BD,3.7190417463402357
MDD,1.4071461303223167
