Psychiatric_Disorder,Z_euclidean
BD,1.4037813755718134
MDD,0.6739392060749774
