Psychiatric_Disorder,Z_Stouffer
BD,5.248955049786683
MDD,1.5783364427828401
