Psychiatric_Disorder,Z_euclidean
BD,3.6650560305888313
MDD,0.8351903051384251
