Psychiatric_Disorder,Z_spearman
BD,2.5203259607041155
MDD,0.35619260924992013
