Psychiatric_Disorder,Z_Stouffer
BD,3.9140693903722807
MDD,1.4236666426426614
