Psychiatric_Disorder,Z_euclidean
BD,1.026258988404022
MDD,0.01491349974564843
