Psychiatric_Disorder,Z_spearman
BD,2.6119104262473134
MDD,0.1311865619362921
