Psychiatric_Disorder,Mean_Z_over_SUD
BD,3.6134347260011905
MDD,0.9046891089711433
