Psychiatric_Disorder,Z_spearman
BD,1.988022039604555
MDD,1.5645155236369355
