Psychiatric_Disorder,Z_spearman
BD,2.7703597995365756
MDD,-0.139935276494211
