Psychiatric_Disorder,Z_euclidean
BD,2.2383616581920744
MDD,-0.5485101441047221
