Psychiatric_Disorder,Z_euclidean
BD,2.7370450614090904
MDD,-1.0603814388700938
