Psychiatric_Disorder,Z_euclidean
BD,2.3008898104059523
MDD,-0.5441454799655984
