Psychiatric_Disorder,Z_spearman
BD,2.929080829836013
MDD,-0.0021304226028944
