Psychiatric_Disorder,Z_Stouffer
BD,4.117085552806406
MDD,0.21546766903934156
