Psychiatric_Disorder,Z_euclidean
BD,3.0618440847871637
MDD,0.8239657764582379
