Psychiatric_Disorder,Z_euclidean
BD,3.030422481825404
MDD,-0.9294953654364992
