Psychiatric_Disorder,Z_spearman
BD,2.7265843159342102
MDD,0.1462657167329358
