Psychiatric_Disorder,Z_cosine
BD,0.91886883317319
MDD,-0.21737359382951946
