Psychiatric_Disorder,Z_spearman
BD,3.6966518960980026
MDD,1.4397707359045098
