Psychiatric_Disorder,Z_euclidean
BD,2.2775616235664384
MDD,-0.5427586087295828
