Psychiatric_Disorder,Z_cosine
BD,2.6521035696928323
MDD,-0.3532145412712228
