Psychiatric_Disorder,Z_euclidean
BD,2.8943354481172276
MDD,-0.9381541765049385
