Psychiatric_Disorder,Z_cosine
BD,0.9044375708094179
MDD,-0.22636453604533982
