Psychiatric_Disorder,Z_cosine
BD,2.7164136850936154
MDD,-1.1906866458252234
