Psychiatric_Disorder,Z_spearman
BD,1.9721267366910555
MDD,1.2971472054033644
