Psychiatric_Disorder,Z_cosine
BD,2.0158730199253845
MDD,-0.7966729545050256
