Psychiatric_Disorder,Z_spearman
BD,2.947873465608017
MDD,1.4139238527827902
