Psychiatric_Disorder,Z_euclidean
BD,1.0296599059854528
MDD,0.023436776296389385
