Psychiatric_Disorder,Z_cosine
BD,2.175441595685243
MDD,-0.8058003708420665
