Psychiatric_Disorder,Z_cosine
BD,3.194679915660236
MDD,0.48463228745573395
