Psychiatric_Disorder,Z_euclidean
BD,3.194679915660236
MDD,0.7902923314015287
