Psychiatric_Disorder,Z_spearman
BD,2.0579384686146622
MDD,1.5374318933861266
