Psychiatric_Disorder,Z_spearman
BD,2.9085726338639954
MDD,-0.12006383218349409
