Psychiatric_Disorder,Z_euclidean
BD,2.373964546178563
MDD,-1.0360689363366256
