Psychiatric_Disorder,Z_cosine
BD,3.290554864277271
MDD,-0.38595493150906124
