Psychiatric_Disorder,Z_cosine
BD,2.1622755871089288
MDD,-0.7800584624777416
