Psychiatric_Disorder,Z_cosine
BD,3.7190417463402357
MDD,-0.27629464597595965
