Psychiatric_Disorder,Z_spearman
BD,3.0357025193167013
MDD,-0.010902958730498855
