Psychiatric_Disorder,Mean_Z_over_SUD
BD,4.335636090385737
MDD,-0.2638531428048304
