Psychiatric_Disorder,Z_Stouffer
BD,4.001773105686406
MDD,-0.581258520671256
