Psychiatric_Disorder,Z_euclidean
BD,2.7703597995365756
MDD,-0.11517152390989424
