Psychiatric_Disorder,Z_cosine
BD,2.862767949209892
MDD,-1.1340482182656448
