Psychiatric_Disorder,Z_cosine
BD,2.0876825263978067
MDD,-1.221203088332069
