Psychiatric_Disorder,Z_cosine
BD,2.5512313132675857
MDD,-1.181374287269689
