Psychiatric_Disorder,Z_euclidean
BD,2.694519811078216
MDD,-0.140919379000631
