Psychiatric_Disorder,Z_Stouffer
BD,4.811996255729618
MDD,0.2379595828478256
