Psychiatric_Disorder,Z_spearman
BD,2.951765271688658
MDD,0.8859568337898852
