Psychiatric_Disorder,Z_spearman
BD,3.0357025193167013
MDD,0.9082169251463031
