Psychiatric_Disorder,Z_spearman
BD,2.9889128208371987
MDD,0.8783348589473604
