Psychiatric_Disorder,Z_spearman
BD,3.011484117417135
MDD,0.0028823382734096616
