Psychiatric_Disorder,Z_euclidean
BD,1.0767402691092232
MDD,-0.0082424395442843
