Psychiatric_Disorder,Z_cosine
BD,2.536431026123678
MDD,-0.371414312276048
