Psychiatric_Disorder,Z_spearman
BD,2.582841952734388
MDD,0.35214765985646984
