Psychiatric_Disorder,Z_euclidean
BD,2.967768663301418
MDD,0.0655887707863863
