Psychiatric_Disorder,Z_euclidean
BD,3.7190417463402357
MDD,1.4071461303223167
