Psychiatric_Disorder,Z_cosine
BD,2.276807554148483
MDD,-1.2228724855666524
