Psychiatric_Disorder,Z_spearman
BD,3.121418592884006
MDD,1.4146052059580032
