Psychiatric_Disorder,Z_Stouffer
BD,4.182426070447636
MDD,-1.2542961236323729
