Psychiatric_Disorder,Z_Stouffer
BD,5.044046239096857
MDD,-1.2356695267663753
