,SUD,ALC,ATS,CAN,COC,NIC,OPI
BD,2.862767949209892,2.7164136850936154,3.0618440847871637,2.6521035696928323,2.276807554148483,2.175441595685243,0.91886883317319
MDD,-1.1543049630449775,-1.1906866458252234,0.5204646989474845,-0.3532145412712228,-1.2228724855666524,-0.8058003708420665,-0.21737359382951946
