,SUD,ALC,ATS,CAN,COC,NIC,OPI
BD,2.21737699710294,2.1272819890346617,3.0357025193167066,1.9048903910800004,1.5236857082615574,1.530927057183276,0.453852482198238
MDD,0.27916006694938195,0.20302423689612123,1.3588864230972189,0.8374142402827189,0.164023011356377,0.4638772033875673,0.8571520401003964
