,SUD,ALC,ATS,CAN,COC,NIC,OPI
BD,2.929080829836013,2.7703597995365756,2.947873465608017,2.9889128208371987,2.5971875032573055,2.582841952734388,2.0579384686146622
MDD,-0.0021304226028944,-0.139935276494211,1.4139238527827902,0.8783348589473604,0.11643314378866691,0.35214765985646984,1.5374318933861266
