,SUD,ALC,ATS,CAN,COC,NIC,OPI
BD,1.984543529629531,1.8119559659611315,3.0357025193167066,1.753058064510936,1.335900364481926,1.426983531698272,0.43338716052275605
MDD,0.06609113398679992,0.049270247699405995,0.9123892554284582,0.6244276588490677,-0.06583995030959967,0.16961430900439858,0.675512732105609
