,SUD,ALC,ATS,CAN,COC,NIC,OPI
BD,2.947873465608009,2.782182904774036,2.967768663301413,2.947873465608009,2.604565630372854,2.5427337619252945,2.0375411720653975
MDD,-0.0008772322854137889,-0.13411622617054372,1.4235232001018359,0.8987926351953783,0.1086140087271317,0.3422978049388009,1.5884315800998774
