,SUD,ALC,ATS,CAN,COC,NIC,OPI
BD,2.8943354481172276,2.7370450614090904,3.194679915660236,2.7164136850936154,2.3226496679260715,2.2383616581920744,1.026258988404022
MDD,-0.9381541765049385,-1.0603814388700938,0.7902923314015287,-0.13968217717775516,-1.0309383246082326,-0.5485101441047221,0.01491349974564843
