,SUD,ALC,ATS,CAN,COC,NIC,OPI
BD,2.862767949209892,2.678319499398204,3.194679915660236,2.536431026123678,2.235303045727797,2.1622755871089288,0.9044375708094179
MDD,-1.1340482182656448,-1.17554680698795,0.48463228745573395,-0.371414312276048,-1.1999030834897297,-0.7800584624777416,-0.22636453604533982
