,SUD,ALC,ATS,CAN,COC,NIC,OPI
BD,2.8943354481172303,2.8070659793652224,3.0618440847871744,2.782182904774036,2.382441160304083,2.2539775515834726,1.0077621863066295
MDD,-0.9577949159039001,-1.0821810597254984,0.80406772295037,-0.12299660165492174,-1.0529350452280466,-0.5415316538875267,0.025693197350880884
