,SUD,ALC,ATS,CAN,COC,NIC,OPI
BD,3.0357025193167013,2.9889128208371987,3.121418592884006,3.0357025193167013,2.678319499398204,2.5971875032573055,2.0579384686146622
MDD,-0.010902958730498855,-0.1409477635732519,1.4146052059580032,0.9082169251463031,0.11618080505075261,0.35374813270612127,1.5632738292577386
