,SUD,ALC,ATS,CAN,COC,NIC,OPI
BD,4.117085552806406,3.902557633162478,5.4410802821798345,3.9140693903722807,3.104811285946918,3.2438719325436463,1.570567004996764
MDD,0.21546766903934156,0.08688270948516076,2.0944203422355976,1.4236666426426614,0.14347345975946013,0.5968633052761427,1.7720496343596386
