,SUD,ALC,ATS,CAN,COC,NIC,OPI
BD,2.667199903204428,2.5512313132675857,3.2498286044287785,2.3646133858028433,2.0876825263978067,2.0158730199253845,0.9736110961722837
MDD,-1.143096480141252,-1.181374287269689,0.5378753994288605,-0.35327679797718653,-1.221203088332069,-0.7966729545050256,-0.20772106946942015
