,SUD,ALC,ATS,CAN,COC,NIC,OPI
BD,3.030422481825404,2.8588044634413765,3.6650560305888313,2.694519811078216,2.353341888035236,2.2775616235664384,1.0767402691092232
MDD,-0.9294953654364992,-1.0472165487907301,0.8351903051384251,-0.140919379000631,-1.024688183871864,-0.5427586087295828,-0.0082424395442843
