,SUD,ALC,ATS,CAN,COC,NIC,OPI
BD,3.0500049379895,2.9085726338639954,3.6966518960980026,2.951765271688658,2.6119104262473134,2.5203259607041155,1.988022039604555
MDD,0.015702741728739675,-0.12006383218349409,1.4397707359045098,0.8859568337898852,0.1311865619362921,0.35619260924992013,1.5645155236369355
