,SUD,ALC,ATS,CAN,COC,NIC,OPI
Schizotypic,0.6787321267873213,0.6632336766323368,0.8893110688931107,0.9287071292870713,0.7753224677532247,0.857014298570143,0.9276072392760724
