,SUD,ALC,ATS,CAN,COC,NIC,OPI
Schizotypic,0.041695830416958304,0.044295570442955706,0.39886011398860116,0.4697530246975302,0.060693930606939304,0.3488651134886511,0.8062193780621938
