,SUD,ALC,ATS,CAN,COC,NIC,OPI
Schizotypic,0.0443955604439556,0.0448955104489551,0.40735926407359263,0.46435356464353567,0.060193980601939805,0.33956604339566043,0.8009199080091991
