,SUD,ALC,ATS,CAN,COC,NIC,OPI
Schizotypic,0.40375962403759624,0.39376062393760625,0.7376262373762624,0.7994200579942006,0.5246475352464753,0.6867313268673133,0.835916408359164
