,SUD,ALC,ATS,CAN,COC,NIC,OPI
Schizotypic,0.37136286371362864,0.36106389361063895,0.6937306269373062,0.7724227577242275,0.48555144485551444,0.6507349265073493,0.8177182281771823
