,SUD,ALC,ATS,CAN,COC,NIC,OPI
Schizotypic,0.673032696730327,0.6593340665933407,0.885011498850115,0.9275072492750724,0.7724227577242275,0.8559144085591441,0.9301069893010699
