,SUD,ALC,ATS,CAN,COC,NIC,OPI
Schizotypic,0.6605339466053395,0.6851314868513149,0.24677532246775322,0.1431856814318568,0.45535446455354467,0.280971902809719,0.13758624137586242
