,SUD,ALC,ATS,CAN,COC,NIC,OPI
Schizotypic,0.6443355664433557,0.6761323867613239,0.23497650234976503,0.146985301469853,0.45395460453954606,0.28377162283771623,0.138986101389861
