,SUD,ALC,ATS,CAN,COC,NIC,OPI
Schizotypic,0.07339266073392661,0.0765923407659234,0.7753224677532247,0.9319068093190681,0.103989601039896,0.708929107089291,0.38016198380161986
