,SUD,ALC,ATS,CAN,COC,NIC,OPI
Schizotypic,0.32396760323967605,0.33736626337366266,0.11808819118088192,0.07169283071692831,0.22567743225677434,0.14158584141585842,0.0730926907309269
