,SUD,ALC,ATS,CAN,COC,NIC,OPI
Schizotypic,0.0821917808219178,0.07899210078992101,0.7953204679532047,0.9479052094790521,0.09559044095590441,0.6711328867113289,0.414958504149585
