,SUD,ALC,ATS,CAN,COC,NIC,OPI
Schizotypic,0.0352964703529647,0.037696230376962306,0.38506149385061494,0.46045395460453953,0.05449455054494551,0.3494650534946505,0.19418058194180582
