,SUD,ALC,ATS,CAN,COC,NIC,OPI
Schizotypic,0.3300669933006699,0.3437656234376562,0.11838816118388161,0.0695930406959304,0.2273772622737726,0.1461853814618538,0.0695930406959304
