,SUD,ALC,ATS,CAN,COC,NIC,OPI
Schizotypic,0.0603939606039396,0.07039296070392961,0.8975102489751025,0.9783021697830216,0.10478952104789521,0.5301469853014699,0.5051494850514948
