,SUD,ALC,ATS,CAN,COC,NIC,OPI
Schizotypic,0.0603939606039396,0.0705929407059294,0.8971102889711029,0.9783021697830216,0.10478952104789521,0.5301469853014699,0.5053494650534947
