,SUD,ALC,ATS,CAN,COC,NIC,OPI
Schizotypic,0.2663820129350864,0.2554348673012228,0.03438518308356408,0.010249944154833409,0.21095654317757337,0.05030409382572031,-0.12092113397514075
