,SUD,ALC,ATS,CAN,COC,NIC,OPI
Schizotypic,1.7903811363392539,1.7708097697296823,0.2854198942360815,0.08544601864534189,1.62581225263992,0.373294718187109,-0.8775978733277232
