,SUD,ALC,ATS,CAN,COC,NIC,OPI
Schizotypic,1.808087131388567,1.7780693796568825,0.29221402668452706,0.09929013705677732,1.6027534349323114,0.3867651128250306,-0.8625932118578616
