,SUD,ALC,ATS,CAN,COC,NIC,OPI
Schizotypic,-0.4641563297263664,-0.4213046341308834,-1.2228724855666524,-1.4662296211762031,-0.7564906695196334,-1.067000959068383,-1.4581996456715007
