,SUD,ALC,ATS,CAN,COC,NIC,OPI
Schizotypic,-0.4511284360783703,-0.41285530984462826,-1.169565324106071,-1.4715048564777815,-0.7431038649120382,-1.0889259568637475,-1.5050842877785169
