,SUD,ALC,ATS,CAN,COC,NIC,OPI
Schizotypic,1.87790647391343,1.8093737353755721,0.1288071484935588,-0.027197550023123303,1.6220645806714824,0.627781655026536,-0.6664093542786546
