,SUD,ALC,ATS,CAN,COC,NIC,OPI
Schizotypic,-0.4669369776047348,-0.4252381228969182,-1.1800441795795513,-1.4767736074565043,-0.7556418800882533,-1.0948931385281335,-1.5024436509338435
