,SUD,ALC,ATS,CAN,COC,NIC,OPI
Schizotypic,0.24362760319146692,0.269530794830138,-0.6360443354116735,-0.8395515325802818,-0.061821565551792086,-0.48660631673158206,-0.977812266032138
