,SUD,ALC,ATS,CAN,COC,NIC,OPI
Schizotypic,1.87790647391343,1.808087131388567,0.12931261619484702,-0.027197550023123303,1.6220645806714824,0.627781655026536,-0.66609643189469
