,SUD,ALC,ATS,CAN,COC,NIC,OPI
Schizotypic,0.47277934877339584,0.5028292060655679,-1.2511133693832759,-1.6441857232025938,0.02634703572176472,-1.0050264158616455,-2.1932592672760007
