,SUD,ALC,ATS,CAN,COC,NIC,OPI
Schizotypic,-0.4483029020104274,-0.41064635671961097,-1.2004181012793826,-1.4574742966001337,-0.7468493799447061,-1.0621420941511681,-1.476588331613502
