,SUD,ALC,ATS,CAN,COC,NIC,OPI
Schizotypic,1.731337084581642,1.7028767232855788,0.256298665045513,0.07589070811006593,1.5489744539632682,0.38838623799833394,-0.8640485078083181
