,SUD,ALC,ATS,CAN,COC,NIC,OPI
Schizotypic,0.3282459238412371,0.3556164972891745,-0.5064529002820504,-0.7468493799447061,0.03622507805783585,-0.38730537474289933,-0.906703629377686
