,SUD,ALC,ATS,CAN,COC,NIC,OPI
Schizotypic,-0.43917609266004415,-0.40547078787978375,-1.1582174168221773,-1.464030256859005,-0.7465181618505689,-1.0781386113410543,-1.4848398932875428
