,SUD,ALC,ATS,CAN,COC,NIC,OPI
Schizotypic,1.7733118120389932,1.7474479815721002,0.29014870099544604,0.07580578679224888,1.6401743201834156,0.392316399198763,-0.8847299482996765
