,SUD,ALC,ATS,CAN,COC,NIC,OPI
Schizotypic,1.3127113973989533,1.3404043276069262,-0.5243229601882163,-0.864252546140328,0.881931841268922,-0.265733501806405,-1.5758357130000942
