,SUD,ALC,ATS,CAN,COC,NIC,OPI
Schizotypic,1.7381080267736124,1.7565643100578867,0.25940798687109184,0.06533759540117597,1.6666177307334857,0.42459369957203386,-0.8151988358363039
