,SUD,ALC,ATS,CAN,COC,NIC,OPI
Schizotypic,-0.4566325120316262,-0.41966181117394885,-1.1845981158249443,-1.463298706869516,-0.7531581831112106,-1.0732216416365767,-1.453138218870438
