,SUD,ALC,ATS,CAN,COC,NIC,OPI
Schizotypic,1.701809308937022,1.6965011059810817,0.2343432290728194,0.08947159203917456,1.5531472453844994,0.413647765072592,-0.8449116238878662
